customer_id,age,annual_income,employment_years,home_ownership,loan_amount,term_months,interest_rate,dti,credit_score,num_open_accounts,delinquencies_2y,inquiries_6m,purpose,state
1,41,21258,16,MORTGAGE,3917,60,10.54,0.194,663,0,0,0,debt_consolidation,CA
2,30,57771,4,RENT,12209,60,10.05,0.132,696,14,0,2,credit_card,GA
3,68,53148,35,RENT,20122,60,9.11,0.384,660,1,2,1,credit_card,OH
4,42,17602,14,OWN,1000,60,5.3,0.033,688,9,1,1,credit_card,IN
5,45,50168,16,MORTGAGE,11908,36,6.8,0.26,716,11,1,0,credit_card,WA
6,64,33958,18,RENT,12201,36,8.17,0.295,701,7,0,2,debt_consolidation,IL
7,33,47707,10,OWN,12308,36,10.07,0.17,721,13,0,1,debt_consolidation,CA
8,33,46935,3,OTHER,11945,60,5.81,0.204,699,1,0,0,debt_consolidation,NJ
9,63,53317,17,MORTGAGE,15530,60,12.86,0.262,715,6,1,0,car,OH
10,65,70065,19,MORTGAGE,27574,60,9.6,0.343,719,12,0,0,small_business,AZ
11,75,34427,36,OWN,6687,60,8.37,0.147,738,6,1,2,debt_consolidation,WI
12,24,21709,2,OWN,2183,36,6.24,0.074,664,3,0,0,debt_consolidation,WI
13,55,15472,11,MORTGAGE,2637,36,8.82,0.108,624,6,2,1,debt_consolidation,OH
14,43,78611,10,RENT,30540,36,12.6,0.381,721,13,0,1,credit_card,IN
15,70,65611,39,MORTGAGE,24343,60,9.14,0.282,683,5,2,1,other,IN
16,66,101931,15,RENT,31115,36,10.94,0.265,764,9,0,0,credit_card,IN
17,44,56767,21,OTHER,7906,60,8.61,0.168,696,10,1,1,small_business,MO
18,29,54624,3,OWN,21356,36,10.92,0.307,675,8,0,1,debt_consolidation,WI
19,49,55140,8,OWN,17107,36,13.01,0.311,675,9,0,0,credit_card,TX
20,35,102036,12,MORTGAGE,17933,36,12.08,0.176,687,12,0,1,credit_card,OH
21,19,145805,0,OWN,45332,60,9.08,0.356,682,14,2,1,credit_card,CA
22,37,57741,12,MORTGAGE,8655,60,8.06,0.113,848,2,2,0,small_business,NY
23,58,48638,12,MORTGAGE,15234,36,12.76,0.242,635,5,0,1,credit_card,MA
24,30,38005,7,MORTGAGE,3936,36,5.83,0.074,698,2,0,1,small_business,VA
25,60,21022,24,MORTGAGE,9629,60,10.33,0.489,646,12,2,0,debt_consolidation,CA
26,71,108245,38,RENT,39979,60,11.82,0.377,820,8,0,0,credit_card,IL
27,45,43917,8,MORTGAGE,17093,36,9.19,0.349,657,10,0,1,other,TX
28,50,118765,10,MORTGAGE,37337,60,11.06,0.315,724,5,1,2,credit_card,MO
29,71,103580,23,MORTGAGE,18881,36,7.03,0.174,716,8,0,2,home_improvement,WI
30,67,103576,35,OWN,24907,36,7.76,0.135,675,9,0,1,credit_card,IN
31,33,70002,10,MORTGAGE,10757,36,5.25,0.09,701,7,1,0,credit_card,MA
32,49,60487,18,RENT,25675,60,11.83,0.398,673,3,0,1,credit_card,IN
33,69,47163,16,OWN,4241,36,3.83,0.027,694,9,0,1,other,WI
34,32,58516,10,RENT,15613,36,11.12,0.318,726,3,0,2,home_improvement,NJ
35,19,59083,0,RENT,23192,60,14.04,0.201,680,9,0,0,other,WI
36,33,56059,12,OWN,15623,36,9.87,0.341,676,6,0,0,debt_consolidation,NJ
37,62,57115,32,RENT,15291,36,6.71,0.197,651,8,2,1,debt_consolidation,MI
38,72,72216,35,OWN,4576,36,6.12,0.1,711,5,1,1,credit_card,IL
39,59,22019,17,RENT,4768,36,11.6,0.211,701,4,0,0,debt_consolidation,GA
40,30,49373,6,RENT,10706,60,9.74,0.298,740,8,0,2,car,CA
41,33,28196,4,RENT,2688,36,5,0.072,723,9,1,1,debt_consolidation,CA
42,18,59102,0,RENT,24062,36,10.43,0.344,732,7,1,0,car,OH
43,20,66764,1,MORTGAGE,18425,36,9.46,0.174,753,17,0,1,home_improvement,TN
44,54,74044,12,OWN,6664,60,8.92,0.034,741,9,1,0,home_improvement,IN
45,24,24719,1,MORTGAGE,3594,36,4.21,0.185,643,9,0,2,car,WA
46,37,76459,9,OTHER,23963,60,10.38,0.309,705,6,0,1,debt_consolidation,TN
47,70,44597,40,MORTGAGE,9170,36,7.92,0.22,685,6,0,0,car,MI
48,44,57097,20,MORTGAGE,12630,60,6.12,0.293,696,7,0,3,home_improvement,GA
49,32,37916,4,MORTGAGE,5394,36,13.48,0.168,693,8,1,0,car,WI
50,25,85536,3,RENT,7316,60,8.61,0.082,738,14,0,1,credit_card,IN
51,58,40161,31,MORTGAGE,7802,36,7.75,0.211,683,9,0,1,credit_card,WA
52,46,49065,13,OWN,15250,60,11.16,0.275,688,12,0,0,debt_consolidation,OH
53,27,18754,3,MORTGAGE,2315,60,4.76,0.05,737,10,0,0,debt_consolidation,FL
54,26,39355,3,MORTGAGE,5194,60,8.62,0.12,640,11,0,1,home_improvement,WI
55,38,58690,5,OWN,15766,36,5.82,0.279,682,3,1,0,other,GA
56,54,83486,18,MORTGAGE,24217,36,10.65,0.307,723,7,1,0,debt_consolidation,CA
57,71,41791,31,OWN,10292,60,7.71,0.269,716,9,0,0,home_improvement,AZ
58,18,46635,0,MORTGAGE,9507,60,5.51,0.177,705,9,1,0,credit_card,NY
59,30,30625,9,MORTGAGE,7400,36,9.15,0.164,702,13,0,1,home_improvement,NC
60,51,75396,25,OWN,21792,60,8.73,0.261,700,6,1,0,car,TX
61,35,164545,13,MORTGAGE,24105,36,7.54,0.101,747,11,0,0,credit_card,GA
62,51,89553,27,RENT,30837,36,11.29,0.421,768,2,4,2,debt_consolidation,VA
63,72,36953,40,OWN,3684,60,5.19,0.099,735,9,0,0,debt_consolidation,WI
64,52,40965,14,RENT,6904,36,6.02,0.084,707,9,1,1,debt_consolidation,IN
65,66,60444,13,RENT,17019,36,5.68,0.186,720,6,0,1,home_improvement,CA
66,57,52379,20,OWN,13936,36,9.96,0.294,685,14,1,3,credit_card,IN
67,33,73130,11,OWN,16815,36,6.46,0.268,731,8,0,1,small_business,MD
68,39,36301,12,OWN,13018,60,10.88,0.263,676,13,0,1,debt_consolidation,WI
69,19,53332,0,RENT,17814,60,8.97,0.357,730,6,0,1,credit_card,NY
70,59,35126,23,MORTGAGE,10356,36,11.64,0.246,687,19,1,0,debt_consolidation,FL
71,32,59653,11,MORTGAGE,16212,60,8.1,0.186,635,9,0,1,home_improvement,IN
72,64,68048,31,MORTGAGE,22328,36,9.31,0.4,695,0,2,1,car,NJ
73,51,36216,19,MORTGAGE,13576,60,12.2,0.292,659,7,1,1,car,NC
74,69,24341,39,RENT,4532,60,10.33,0.188,706,12,0,0,credit_card,VA
75,56,51528,26,RENT,6241,36,7.36,0.099,759,13,0,0,credit_card,MO
76,50,45893,23,MORTGAGE,12053,60,9.44,0.283,688,5,1,1,small_business,MD
77,35,58691,7,OWN,5525,36,6.58,0.072,693,3,0,2,debt_consolidation,WA
78,72,75469,30,OWN,21686,36,8.94,0.189,697,20,0,0,debt_consolidation,NY
79,20,36467,1,OWN,13716,36,11.04,0.336,636,13,0,2,small_business,WA
80,65,95117,33,OWN,18332,60,9.26,0.196,703,9,0,0,other,NY
81,59,95929,23,RENT,14918,60,6.83,0.088,754,10,2,0,credit_card,PA
82,51,44996,14,MORTGAGE,12165,60,8.36,0.258,685,12,1,3,debt_consolidation,WA
83,72,28632,31,RENT,6691,36,5.96,0.154,658,14,0,1,debt_consolidation,MA
84,19,49870,0,MORTGAGE,5796,60,3.38,0.153,686,10,0,2,small_business,NC
85,59,43392,29,MORTGAGE,18622,60,10.1,0.427,637,11,0,1,debt_consolidation,IL
86,61,76351,20,RENT,22623,36,8.56,0.25,690,11,0,0,debt_consolidation,GA
87,63,57512,23,RENT,19605,60,6.09,0.336,687,2,0,1,car,GA
88,37,80208,13,MORTGAGE,9462,36,5.41,0.123,689,6,0,3,debt_consolidation,MO
89,74,49203,18,OWN,7766,36,6.04,0.135,783,8,0,0,small_business,NY
90,62,57363,28,RENT,14874,60,4.8,0.258,794,11,1,0,credit_card,OH
91,60,36552,15,OWN,13706,36,9.83,0.339,661,6,0,1,small_business,MI
92,45,26769,6,MORTGAGE,7794,60,8.44,0.216,771,3,2,1,credit_card,AZ
93,64,99640,36,MORTGAGE,24772,36,5.44,0.173,757,8,0,0,debt_consolidation,AZ
94,19,56061,0,OWN,12436,36,6.83,0.201,721,5,0,1,credit_card,PA
95,61,27593,20,MORTGAGE,1934,60,8.86,0.042,650,7,0,2,home_improvement,PA
96,19,39446,0,MORTGAGE,12852,36,9.97,0.368,718,14,3,3,debt_consolidation,IL
97,20,63577,1,RENT,12050,36,5.74,0.179,704,9,2,1,credit_card,IL
98,25,43589,3,MORTGAGE,16091,60,8.44,0.378,644,6,1,0,debt_consolidation,MA
99,27,63659,5,MORTGAGE,2785,36,6.82,0.076,685,3,0,0,credit_card,IN
100,21,55123,2,OWN,2774,36,3,0.022,733,4,2,0,credit_card,AZ
101,66,81187,37,MORTGAGE,33905,36,12.75,0.484,696,10,0,0,car,AZ
102,19,55995,0,OWN,22185,36,13.1,0.275,703,12,1,0,credit_card,MI
103,38,107806,16,OWN,36539,60,7.9,0.252,721,10,0,0,car,MO
104,43,41723,18,MORTGAGE,15568,60,10.97,0.392,698,10,0,0,debt_consolidation,TN
105,51,86275,15,OWN,26588,60,8.85,0.332,712,10,1,0,small_business,MO
106,45,52849,11,MORTGAGE,8377,36,7.89,0.067,689,2,0,1,debt_consolidation,WI
107,25,50563,5,MORTGAGE,16750,36,7.65,0.369,747,1,2,0,debt_consolidation,WI
108,37,58150,5,OWN,22346,36,11.73,0.304,638,4,0,1,car,IL
109,69,28327,21,MORTGAGE,8641,36,10.53,0.283,737,3,0,0,car,VA
110,30,75627,6,OWN,7325,36,8.55,0.058,747,5,0,0,car,WI
111,26,33773,5,MORTGAGE,1000,36,4.48,0.066,738,2,0,0,other,NJ
112,21,45609,1,RENT,6336,36,6.91,0.175,687,4,2,1,car,IN
113,44,48022,18,OWN,9837,36,10.76,0.197,713,11,0,0,credit_card,TX
114,65,85878,15,MORTGAGE,36003,36,10.9,0.403,720,4,0,0,debt_consolidation,IL
115,68,65084,31,RENT,23814,36,3.58,0.352,738,9,2,0,credit_card,MD
116,49,107794,13,OWN,30096,36,8.22,0.225,725,0,1,1,car,AZ
117,68,103263,17,OWN,36070,36,8.57,0.296,642,9,0,3,debt_consolidation,IN
118,69,33446,36,MORTGAGE,12221,60,10.11,0.282,618,0,1,2,other,OH
119,49,39785,10,RENT,4507,60,7.96,0.037,717,11,0,1,credit_card,MD
120,63,32419,27,RENT,5299,36,4.95,0.126,683,2,1,0,car,MO
121,59,69224,28,OWN,13035,60,6.84,0.217,670,13,0,0,car,WA
122,40,27866,5,RENT,4891,60,7.16,0.094,704,8,0,2,credit_card,WI
123,64,24864,18,RENT,4999,60,4.78,0.256,659,21,1,0,debt_consolidation,AZ
124,22,23737,2,MORTGAGE,4069,60,8.82,0.157,669,13,0,1,debt_consolidation,CA
125,75,51893,40,MORTGAGE,12240,36,7.69,0.235,725,10,0,0,credit_card,VA
126,36,45828,12,MORTGAGE,1000,36,7.88,0.02,811,10,0,1,debt_consolidation,CA
127,29,69569,5,RENT,24532,60,8.47,0.376,660,6,0,0,debt_consolidation,NJ
128,72,46176,40,MORTGAGE,7012,36,6.1,0.101,690,7,0,0,debt_consolidation,WA
129,50,39698,12,OWN,8809,60,5.68,0.19,668,3,0,2,credit_card,WA
130,66,63851,13,MORTGAGE,16646,60,10.24,0.317,713,8,0,1,small_business,IN
131,28,50739,4,RENT,11189,36,3.71,0.137,687,4,1,2,debt_consolidation,VA
132,44,39415,10,OWN,12669,36,9.92,0.246,704,8,0,1,debt_consolidation,MI
133,26,95277,6,OWN,40405,60,10.47,0.283,655,6,0,2,debt_consolidation,TN
134,32,28998,11,RENT,2548,60,5.01,0.07,653,9,1,0,debt_consolidation,MI
135,65,60680,18,MORTGAGE,15573,60,7.13,0.307,678,7,0,1,debt_consolidation,NY
136,50,62429,9,MORTGAGE,13625,36,16.42,0.24,660,8,2,0,credit_card,MA
137,39,74141,13,MORTGAGE,25535,36,12.76,0.275,710,11,0,1,credit_card,OH
138,63,60682,34,MORTGAGE,18415,60,14.64,0.345,718,12,1,1,car,CA
139,68,45038,40,MORTGAGE,6060,36,7.74,0.13,654,4,1,1,debt_consolidation,GA
140,47,106964,10,RENT,36772,36,9.64,0.306,701,2,0,0,debt_consolidation,NJ
141,57,38013,28,MORTGAGE,7896,60,7.97,0.197,702,12,0,0,car,WI
142,44,43621,16,RENT,5093,60,4.45,0.064,710,5,0,2,small_business,TX
143,71,52905,34,OWN,6728,60,6.09,0.131,753,2,1,0,credit_card,WI
144,38,52186,7,MORTGAGE,18169,36,10.96,0.273,692,14,0,1,car,WA
145,29,58512,6,MORTGAGE,15716,60,11.8,0.309,751,12,1,1,home_improvement,OH
146,31,65831,4,RENT,25609,36,13.65,0.462,700,17,0,0,debt_consolidation,GA
147,65,75459,12,OWN,14858,36,7.28,0.11,727,15,0,0,home_improvement,TN
148,36,56343,14,MORTGAGE,17363,36,6.91,0.442,680,7,1,1,debt_consolidation,MO
149,38,58970,7,MORTGAGE,22699,36,11,0.311,727,0,1,0,small_business,GA
150,44,33162,16,OWN,15563,36,10.61,0.547,674,12,1,0,credit_card,NY
151,52,67143,28,OTHER,11833,60,8.5,0.137,713,2,1,1,credit_card,NC
152,23,64825,4,RENT,22890,60,8.02,0.257,687,10,1,0,credit_card,TX
153,27,69356,4,OWN,26952,36,8.78,0.449,699,13,1,1,credit_card,MO
154,71,46318,30,MORTGAGE,14953,36,11.72,0.383,692,10,0,3,home_improvement,IL
155,32,21079,6,OTHER,4248,36,7.68,0.15,695,2,0,0,debt_consolidation,NY
156,69,163620,22,MORTGAGE,35578,36,7.7,0.205,724,4,1,0,debt_consolidation,MO
157,63,58979,11,OWN,16128,60,8.39,0.223,702,2,0,1,debt_consolidation,NC
158,28,67505,3,MORTGAGE,15788,36,9.58,0.213,766,10,0,1,car,NJ
159,35,16869,10,OTHER,3701,60,7.52,0.277,633,5,0,2,car,FL
160,31,92901,4,MORTGAGE,25406,36,8.7,0.216,724,7,0,0,home_improvement,NY
161,47,39454,17,OWN,5947,60,5.18,0.233,748,9,0,2,small_business,PA
162,41,47862,16,MORTGAGE,13596,36,8.49,0.36,657,9,2,2,other,MA
163,54,34738,12,MORTGAGE,12876,60,11.19,0.353,655,4,2,0,home_improvement,NY
164,48,71013,16,OWN,16270,36,7.62,0.225,716,6,0,2,debt_consolidation,IL
165,58,37470,14,MORTGAGE,10013,60,11.09,0.332,634,10,0,0,debt_consolidation,NY
166,31,95300,4,MORTGAGE,9896,36,5.26,0.161,660,1,2,0,credit_card,TX
167,70,73185,17,MORTGAGE,5777,60,6.19,0.068,741,4,0,2,credit_card,MD
168,41,88163,10,OWN,24726,60,11.75,0.185,636,5,1,1,other,WA
169,37,20890,14,MORTGAGE,1000,36,6.45,0.136,689,5,2,0,home_improvement,MA
170,59,69446,23,OWN,26117,36,9.13,0.255,787,6,0,1,debt_consolidation,NY
171,66,32957,39,RENT,7132,36,4.42,0.268,747,2,0,1,debt_consolidation,VA
172,54,16390,24,MORTGAGE,8074,60,13.11,0.592,631,12,2,2,other,WA
173,63,71545,18,RENT,7360,36,6.92,0.071,732,12,1,1,other,TN
174,65,64703,29,OWN,24847,36,12.34,0.383,643,10,1,1,car,PA
175,67,48453,30,OWN,4866,60,4.04,0.114,694,4,0,0,car,CA
176,55,48162,11,RENT,15460,36,9.4,0.394,727,7,2,0,other,MO
177,70,32830,35,OWN,12290,36,7.14,0.278,684,6,0,1,small_business,NC
178,47,74979,9,MORTGAGE,29154,36,9.47,0.464,700,16,0,0,debt_consolidation,NJ
179,25,73680,5,RENT,29053,60,9.3,0.284,706,12,0,1,debt_consolidation,IN
180,65,66745,19,MORTGAGE,13266,36,5.95,0.162,679,12,0,1,debt_consolidation,TN
181,32,53315,4,OTHER,6823,36,6.06,0.161,641,10,0,2,small_business,PA
182,59,49717,15,MORTGAGE,15938,36,7.47,0.214,744,12,0,2,debt_consolidation,GA
183,48,86424,10,MORTGAGE,11243,36,10.01,0.16,694,12,0,2,debt_consolidation,AZ
184,45,29837,17,MORTGAGE,9381,36,11.06,0.343,701,5,0,2,small_business,IL
185,22,38280,2,OWN,13963,36,11.12,0.218,668,15,1,0,credit_card,PA
186,18,40775,0,MORTGAGE,12576,60,8.98,0.155,717,11,1,1,credit_card,IN
187,51,51921,25,OTHER,12291,36,4.36,0.212,717,8,1,1,car,AZ
188,67,54676,26,MORTGAGE,19100,36,8.03,0.324,648,4,1,0,debt_consolidation,AZ
189,73,22341,21,OWN,2140,36,9.01,0.118,699,6,0,1,other,TX
190,46,55627,9,OWN,9158,60,6.77,0.16,761,10,0,0,debt_consolidation,MD
191,31,46884,5,RENT,16901,60,6.95,0.443,696,4,2,1,debt_consolidation,AZ
192,56,39701,15,MORTGAGE,1737,60,4.95,0.041,677,7,1,1,credit_card,MO
193,74,49500,24,OWN,8439,36,8.91,0.167,642,5,0,1,debt_consolidation,WA
194,38,49101,10,MORTGAGE,8669,60,10.8,0.243,685,2,0,0,car,MI
195,52,33760,21,MORTGAGE,5973,36,6.85,0.124,690,1,0,0,home_improvement,OH
196,45,28058,14,OWN,7797,60,8.07,0.214,730,9,1,1,debt_consolidation,IL
197,64,107698,17,RENT,10423,36,8.57,0.151,726,1,1,0,home_improvement,GA
198,33,81712,6,RENT,20863,36,7.88,0.235,689,5,0,3,home_improvement,NJ
199,34,90450,11,MORTGAGE,38703,36,7.38,0.397,698,1,3,1,credit_card,TN
200,43,25233,19,MORTGAGE,5471,60,7.63,0.269,705,9,1,0,credit_card,AZ
201,58,79731,18,MORTGAGE,7230,60,7.08,0.13,698,4,0,1,small_business,GA
202,63,34385,18,RENT,10997,36,9.68,0.366,648,8,2,0,credit_card,TX
203,40,65175,16,OWN,26498,36,12.5,0.453,698,6,2,0,car,OH
204,52,63161,13,OWN,12660,36,9.27,0.125,665,17,2,0,credit_card,IN
205,73,61580,18,MORTGAGE,10368,36,3.31,0.139,693,10,2,0,home_improvement,OH
206,20,71038,0,RENT,29874,36,12.13,0.48,686,3,1,1,other,WA
207,37,63048,10,MORTGAGE,25014,36,10.15,0.266,737,6,0,0,debt_consolidation,NJ
208,36,25628,4,RENT,6519,60,9.09,0.201,718,3,0,3,credit_card,FL
209,75,66699,25,RENT,8366,60,5.97,0.174,739,4,1,0,debt_consolidation,FL
210,28,67662,4,MORTGAGE,6652,60,7.01,0.05,737,5,0,2,credit_card,GA
211,28,45323,7,MORTGAGE,11226,36,10.61,0.274,667,11,0,1,debt_consolidation,NJ
212,64,33264,23,MORTGAGE,7335,60,9.29,0.222,683,3,0,1,debt_consolidation,NJ
213,29,54501,6,OWN,20729,60,10.4,0.221,718,9,0,1,home_improvement,MD
214,72,29315,20,MORTGAGE,7694,36,8.92,0.229,674,0,0,1,credit_card,PA
215,68,50340,22,MORTGAGE,11737,60,6.03,0.185,660,4,0,0,credit_card,TN
216,33,64901,3,OWN,25005,60,11.33,0.271,688,5,3,4,credit_card,AZ
217,55,71113,17,RENT,22109,36,11.05,0.369,695,7,0,1,debt_consolidation,TN
218,35,86831,10,OWN,25307,36,6.04,0.236,681,6,0,0,debt_consolidation,MA
219,44,42992,17,MORTGAGE,9459,36,7.94,0.224,650,4,0,0,credit_card,MI
220,71,69060,13,MORTGAGE,2945,36,6.63,0.082,721,7,0,0,car,WI
221,61,37099,27,MORTGAGE,11250,36,9.31,0.207,709,8,0,1,debt_consolidation,MI
222,62,101967,30,MORTGAGE,12377,60,6.89,0.12,653,7,1,1,small_business,TN
223,62,69293,13,RENT,1511,36,5.56,0.018,772,3,0,0,car,MA
224,49,32873,7,MORTGAGE,8293,60,7.44,0.357,641,15,2,0,debt_consolidation,WA
225,27,31758,6,RENT,14856,60,7.79,0.44,684,5,0,3,debt_consolidation,NJ
226,35,28426,14,RENT,4033,60,7.14,0.166,673,9,0,0,car,PA
227,61,39099,30,RENT,20956,36,11.39,0.64,629,3,2,0,credit_card,FL
228,40,59542,16,RENT,26172,60,10.68,0.438,724,3,0,0,debt_consolidation,IN
229,63,54589,26,RENT,12094,36,7.15,0.163,716,8,0,0,credit_card,OH
230,27,68485,3,OWN,10761,36,8.85,0.152,699,9,1,0,debt_consolidation,NC
231,60,93249,19,MORTGAGE,30824,36,10.19,0.231,750,17,0,0,debt_consolidation,MA
232,74,121841,22,RENT,7822,60,4.57,0.071,698,0,1,1,credit_card,NC
233,26,63555,3,MORTGAGE,23843,60,9.59,0.371,717,5,0,0,small_business,WA
234,34,70712,11,MORTGAGE,11227,60,7.61,0.082,726,12,1,1,debt_consolidation,FL
235,69,30345,30,RENT,11466,36,10.13,0.174,741,8,0,0,debt_consolidation,GA
236,51,15717,25,RENT,4977,60,10.05,0.182,705,4,0,0,debt_consolidation,GA
237,72,61906,31,OWN,9804,36,6.64,0.137,754,12,0,1,debt_consolidation,MO
238,52,31447,9,RENT,3175,36,6.35,0.14,748,10,0,0,other,CA
239,29,43233,6,OWN,9206,36,8.87,0.271,690,12,1,2,credit_card,CA
240,43,62647,20,MORTGAGE,25101,36,10.61,0.42,700,11,1,1,home_improvement,NJ
241,72,80242,26,MORTGAGE,34737,36,12.47,0.309,685,8,0,1,debt_consolidation,IL
242,47,23735,10,OTHER,1000,36,3,0.021,678,14,0,0,debt_consolidation,TN
243,56,113327,21,RENT,32744,60,10.67,0.315,669,13,0,0,credit_card,TX
244,45,52212,17,MORTGAGE,6305,60,8.97,0.067,712,10,0,0,debt_consolidation,MO
245,40,42790,9,OWN,14388,36,9.18,0.416,737,11,2,0,debt_consolidation,OH
246,61,84254,25,MORTGAGE,23276,36,9.94,0.3,684,7,0,0,credit_card,MO
247,42,79887,6,RENT,13432,60,7.54,0.141,735,2,2,1,car,CA
248,65,53014,25,RENT,14497,60,9,0.289,683,0,1,2,small_business,CA
249,38,65209,14,RENT,19340,60,10.72,0.334,707,12,1,2,debt_consolidation,TX
250,70,34050,35,MORTGAGE,3593,36,3.68,0.135,657,3,0,1,credit_card,AZ
251,57,49541,21,RENT,8210,36,3,0.158,692,17,2,0,other,NC
252,71,51310,33,MORTGAGE,10113,36,8.15,0.229,682,11,0,1,debt_consolidation,NC
253,67,78086,21,MORTGAGE,9208,36,7.42,0.057,765,15,0,1,small_business,NJ
254,62,42296,35,MORTGAGE,8339,36,6.89,0.217,697,8,0,0,credit_card,CA
255,20,42981,1,OWN,2988,36,7.95,0.071,758,15,2,1,credit_card,TX
256,39,16681,9,OWN,1492,36,6.66,0.081,627,6,1,1,other,PA
257,56,100390,27,RENT,16586,60,8.37,0.106,696,3,0,0,credit_card,NJ
258,25,30347,3,RENT,12765,60,10.47,0.285,676,11,1,1,home_improvement,PA
259,37,42599,8,RENT,7673,36,8.48,0.148,690,14,0,1,car,WA
260,73,65612,31,RENT,21949,60,11.91,0.319,715,14,0,0,car,VA
261,32,49712,11,OTHER,2843,36,3.83,0.087,737,0,0,0,debt_consolidation,NJ
262,39,118494,15,OWN,27693,36,7.99,0.257,687,9,0,1,debt_consolidation,MD
263,72,101678,21,MORTGAGE,30889,36,5.78,0.172,710,2,0,1,home_improvement,MA
264,31,15460,3,MORTGAGE,4713,36,7.9,0.326,741,1,0,0,small_business,WI
265,56,51546,22,OTHER,20959,60,9.8,0.3,635,13,0,0,debt_consolidation,FL
266,69,47271,39,MORTGAGE,9643,36,11.89,0.266,704,3,0,1,home_improvement,NJ
267,38,26379,9,RENT,4184,36,7.48,0.096,729,7,0,0,home_improvement,TN
268,40,35399,13,OWN,5706,60,9.13,0.125,703,4,0,1,home_improvement,NC
269,51,40121,27,MORTGAGE,9400,36,9.96,0.185,642,11,1,1,credit_card,WI
270,38,61700,7,MORTGAGE,11716,36,10.09,0.247,730,19,0,5,debt_consolidation,MA
271,70,80829,40,MORTGAGE,29759,36,13.11,0.307,666,9,0,1,home_improvement,WA
272,44,61880,13,MORTGAGE,24740,36,10.27,0.346,683,7,1,0,other,PA
273,42,68397,18,OWN,18083,36,9.28,0.279,710,7,0,2,credit_card,IL
274,60,123036,30,MORTGAGE,48771,36,7.62,0.498,706,10,1,0,debt_consolidation,VA
275,52,33110,25,MORTGAGE,11881,60,9.6,0.314,721,9,0,1,debt_consolidation,TX
276,50,44216,13,RENT,14984,60,12.37,0.415,736,4,3,0,credit_card,MA
277,26,51190,3,MORTGAGE,17105,60,10.14,0.246,760,11,0,0,home_improvement,GA
278,30,52497,6,OWN,9641,36,10.19,0.246,698,8,3,2,small_business,VA
279,32,65722,10,MORTGAGE,9200,36,12.27,0.164,689,5,0,0,other,TX
280,42,62650,18,RENT,18422,60,8.22,0.304,701,2,0,1,small_business,MO
281,27,102498,6,RENT,17862,60,7.62,0.161,641,12,0,2,home_improvement,IN
282,55,34334,16,MORTGAGE,13744,60,9.61,0.453,669,8,2,1,debt_consolidation,MA
283,67,64894,40,MORTGAGE,3652,36,4.68,0.068,751,11,1,0,other,AZ
284,30,80491,5,OWN,27110,36,7.81,0.314,673,14,0,1,credit_card,NC
285,68,36140,18,OWN,2804,36,7.41,0.112,717,7,0,1,credit_card,NY
286,24,87176,2,OWN,34205,36,11.7,0.35,696,11,4,0,small_business,MA
287,62,36173,32,RENT,14750,60,8.66,0.325,653,9,0,0,debt_consolidation,MO
288,49,44644,14,MORTGAGE,16231,36,11.36,0.298,805,6,0,1,debt_consolidation,NY
289,21,38181,1,OTHER,1470,36,4.29,0.06,718,6,1,1,small_business,CA
290,68,66614,32,MORTGAGE,22423,60,6.19,0.261,715,8,1,1,debt_consolidation,IN
291,66,100652,14,MORTGAGE,22278,60,9.93,0.228,733,10,0,2,debt_consolidation,TX
292,69,38533,40,MORTGAGE,13777,60,8.85,0.312,719,13,0,0,debt_consolidation,NY
293,50,115766,14,OTHER,24736,36,6.43,0.123,780,9,0,0,credit_card,IN
294,44,35141,17,RENT,13337,36,12.18,0.436,649,9,2,0,debt_consolidation,IN
295,26,46269,4,OWN,16101,60,12.77,0.292,692,7,0,0,credit_card,TX
296,28,76169,7,OWN,12249,36,7.09,0.172,796,4,0,1,debt_consolidation,TN
297,19,56494,0,MORTGAGE,12161,60,11,0.28,723,3,1,0,car,AZ
298,41,80398,17,MORTGAGE,11695,60,5.67,0.097,725,5,0,0,credit_card,NJ
299,45,20245,8,MORTGAGE,1000,60,5.96,0.075,700,1,0,1,other,FL
300,43,56239,21,OWN,18365,60,8.67,0.326,723,12,0,0,small_business,GA
301,56,30016,19,MORTGAGE,4567,60,8.97,0.171,692,11,1,0,debt_consolidation,IL
302,61,78964,15,OWN,34318,36,10.99,0.418,731,8,2,0,home_improvement,MO
303,61,29560,28,MORTGAGE,2302,60,5.54,0.066,671,3,1,0,credit_card,OH
304,56,63581,22,MORTGAGE,2382,36,3,0.031,738,6,0,1,credit_card,TX
305,71,36871,23,RENT,2940,36,7.93,0.049,701,19,1,0,home_improvement,AZ
306,59,93462,23,MORTGAGE,16007,60,8.42,0.198,651,12,0,1,car,MO
307,60,29509,23,MORTGAGE,1000,60,7.17,0.091,674,6,1,0,home_improvement,IL
308,56,34023,9,RENT,6017,36,9.25,0.095,733,2,0,0,home_improvement,NC
309,58,43796,19,MORTGAGE,11986,36,8.55,0.208,713,14,0,0,credit_card,TX
310,71,55407,40,MORTGAGE,12934,60,7.53,0.1,799,5,0,0,car,NJ
311,44,34100,13,OWN,7602,36,5.37,0.217,630,6,0,0,home_improvement,TN
312,33,29414,8,OWN,3387,60,4.44,0.079,706,4,0,0,other,NJ
313,25,56516,2,OWN,17777,36,11.08,0.245,720,6,1,0,car,WI
314,21,51632,1,MORTGAGE,17145,36,6.01,0.407,697,8,0,0,home_improvement,TX
315,53,34336,9,MORTGAGE,15342,60,12.78,0.465,663,6,0,0,debt_consolidation,PA
316,36,53787,12,MORTGAGE,14037,60,9.18,0.327,707,8,0,0,car,TX
317,38,69655,12,MORTGAGE,12871,36,5.18,0.282,700,3,0,0,car,CA
318,32,31532,11,MORTGAGE,14780,60,15.68,0.53,713,9,0,2,credit_card,TX
319,53,27686,17,MORTGAGE,7988,60,9.93,0.232,688,8,0,1,debt_consolidation,WI
320,55,61909,12,OWN,8813,36,7.15,0.1,737,11,0,2,home_improvement,GA
321,68,58075,19,MORTGAGE,4489,60,5.37,0.045,746,4,0,1,debt_consolidation,IL
322,53,65512,14,MORTGAGE,16363,60,9.28,0.123,715,9,1,2,credit_card,NY
323,68,46170,30,RENT,12422,60,9.31,0.201,681,6,1,0,credit_card,NC
324,60,51878,22,MORTGAGE,20878,36,11.61,0.5,741,13,0,1,debt_consolidation,FL
325,42,70401,8,MORTGAGE,26817,60,13.6,0.313,677,12,1,2,debt_consolidation,WA
326,65,36223,38,OWN,3154,60,8.6,0.118,708,12,0,2,credit_card,TN
327,74,67255,22,RENT,16244,60,10.85,0.19,702,10,1,0,credit_card,MA
328,50,53395,8,MORTGAGE,17713,60,12.18,0.333,783,12,0,1,credit_card,WI
329,35,58957,9,MORTGAGE,19160,36,8.79,0.319,694,10,0,1,debt_consolidation,IN
330,34,43525,5,MORTGAGE,3350,60,3,0.017,759,11,1,0,credit_card,IN
331,26,132375,3,OWN,45554,36,9.75,0.384,721,6,1,1,home_improvement,NC
332,42,46804,11,OWN,5859,36,3,0.156,729,4,1,1,credit_card,AZ
333,57,54618,18,RENT,15834,36,7.04,0.314,658,4,1,0,credit_card,VA
334,30,51138,9,MORTGAGE,2222,60,3.13,0.065,688,9,0,0,other,IN
335,69,43514,19,MORTGAGE,16127,60,9.68,0.26,704,10,1,2,car,VA
336,46,40834,19,MORTGAGE,2440,36,4.91,0.075,709,10,1,1,small_business,PA
337,36,53830,5,MORTGAGE,18993,36,8.11,0.286,723,6,1,0,home_improvement,MI
338,24,24791,4,RENT,2740,36,5.06,0.119,721,4,1,1,small_business,IL
339,58,79927,30,MORTGAGE,13778,36,8.4,0.213,727,6,0,0,debt_consolidation,FL
340,66,124042,27,MORTGAGE,25063,36,6.57,0.124,673,10,1,0,other,MA
341,41,113139,8,RENT,46272,60,12.53,0.343,700,12,1,0,debt_consolidation,NY
342,40,71847,14,RENT,6626,36,4.78,0.049,634,6,1,2,credit_card,GA
343,61,83172,26,RENT,30389,36,9.17,0.371,646,11,1,0,debt_consolidation,NJ
344,74,110593,36,OWN,32211,36,11.56,0.287,631,11,1,0,debt_consolidation,VA
345,32,130512,3,RENT,23710,36,11.52,0.214,786,6,1,0,credit_card,MD
346,55,66082,17,MORTGAGE,14069,60,7.65,0.198,665,5,0,2,debt_consolidation,MD
347,20,57891,1,MORTGAGE,18974,36,9.01,0.397,668,9,1,0,debt_consolidation,IL
348,25,22668,2,RENT,1000,36,3.2,0.067,760,4,1,0,small_business,CA
349,44,50514,8,RENT,7325,36,8.35,0.223,697,4,0,0,car,VA
350,53,46243,24,OWN,10643,36,11.8,0.18,652,9,0,0,credit_card,WI
351,62,77240,34,MORTGAGE,31835,60,10.68,0.464,657,12,1,1,small_business,WA
352,66,22900,14,MORTGAGE,5327,60,11.4,0.17,671,15,0,0,credit_card,CA
353,42,120026,7,MORTGAGE,33551,36,12.83,0.338,755,5,1,1,small_business,WI
354,57,34801,24,MORTGAGE,3492,60,3.09,0.105,697,11,0,0,debt_consolidation,TN
355,75,121801,24,MORTGAGE,7555,36,6.18,0.114,708,10,0,0,other,TN
356,49,62420,17,OTHER,13116,36,10.03,0.238,676,10,1,0,home_improvement,MI
357,18,38377,0,MORTGAGE,7076,60,7.51,0.176,685,4,0,0,debt_consolidation,FL
358,55,60053,14,OWN,22608,36,15.13,0.252,706,11,0,1,other,MD
359,74,61221,40,MORTGAGE,22345,36,10.21,0.461,674,8,1,0,credit_card,FL
360,27,34791,4,RENT,4452,36,8.07,0.151,684,8,2,2,credit_card,MD
361,52,79798,14,RENT,7142,60,6.24,0.092,746,1,0,0,credit_card,MI
362,41,31110,7,RENT,6532,60,9.75,0.208,627,6,0,1,debt_consolidation,FL
363,26,61080,4,OWN,3225,36,5.73,0.041,742,8,0,2,debt_consolidation,AZ
364,18,45990,0,OWN,19667,36,13.17,0.271,687,1,2,1,debt_consolidation,NC
365,19,101662,0,RENT,8545,36,8.3,0.043,728,8,0,1,car,MI
366,40,42088,14,OTHER,7029,60,4.88,0.107,737,14,0,1,debt_consolidation,VA
367,60,48842,12,MORTGAGE,13310,60,9.63,0.232,645,0,0,0,small_business,CA
368,30,50431,6,MORTGAGE,12987,60,12.03,0.142,663,12,1,0,home_improvement,NJ
369,37,60746,12,MORTGAGE,17575,60,10.77,0.301,755,7,1,0,home_improvement,IL
370,43,52449,15,RENT,9407,36,8.79,0.113,719,10,0,1,credit_card,GA
371,40,37969,7,OTHER,2750,36,9.22,0.093,651,10,0,1,small_business,VA
372,29,43188,8,RENT,13220,36,9.21,0.336,732,5,0,2,debt_consolidation,CA
373,37,51711,13,RENT,19533,60,9.81,0.415,642,8,1,1,credit_card,IN
374,70,44963,33,OWN,15254,36,7.38,0.294,760,8,0,0,credit_card,MD
375,18,99984,0,OWN,29369,36,7.87,0.316,730,8,0,0,debt_consolidation,MI
376,40,29994,17,MORTGAGE,10186,36,12.5,0.32,754,6,0,0,home_improvement,GA
377,64,106811,24,RENT,10771,36,5.97,0.162,755,13,0,0,small_business,CA
378,20,39018,0,OWN,18522,60,12.79,0.424,728,16,2,0,credit_card,TX
379,70,79712,21,OWN,28292,36,9.5,0.248,759,5,0,1,debt_consolidation,PA
380,30,49604,3,MORTGAGE,11704,60,10.1,0.176,734,9,1,1,credit_card,NJ
381,71,121166,27,OWN,16433,36,7.43,0.122,719,0,1,1,small_business,IL
382,33,88191,10,MORTGAGE,25246,60,10.89,0.181,737,11,0,0,credit_card,NC
383,19,23285,0,RENT,3396,60,7.01,0.121,656,16,0,0,debt_consolidation,FL
384,24,39242,1,MORTGAGE,9720,36,7.96,0.198,736,8,0,1,home_improvement,PA
385,21,91204,0,MORTGAGE,6401,36,4.3,0.071,765,11,1,0,debt_consolidation,IL
386,48,57870,21,MORTGAGE,4938,60,5.46,0.091,680,6,1,0,car,MO
387,51,48790,8,RENT,7642,36,11.56,0.157,629,10,0,1,home_improvement,AZ
388,46,53987,17,RENT,11581,36,7.95,0.2,713,6,0,0,debt_consolidation,IL
389,21,55519,2,MORTGAGE,20780,36,10.61,0.271,719,10,0,0,credit_card,NJ
390,50,57587,21,OTHER,21667,36,13.15,0.194,692,4,1,0,debt_consolidation,IL
391,43,60351,11,RENT,8861,36,7.18,0.124,662,4,0,1,home_improvement,TN
392,32,44676,5,OWN,4456,60,7.75,0.155,697,10,0,1,debt_consolidation,TN
393,63,48712,20,MORTGAGE,7960,60,6.06,0.098,696,13,0,1,other,WI
394,61,69190,24,MORTGAGE,15859,60,8.82,0.275,696,9,2,0,debt_consolidation,NC
395,24,24919,2,OWN,1000,60,6.48,0.046,705,2,1,0,debt_consolidation,VA
396,63,23478,15,MORTGAGE,3127,36,6.49,0.128,660,13,1,2,small_business,WA
397,38,29909,10,MORTGAGE,12969,36,11.73,0.396,677,17,2,0,debt_consolidation,MA
398,60,46104,35,OWN,12236,60,7.39,0.203,724,8,1,0,debt_consolidation,WA
399,56,45403,21,MORTGAGE,5675,36,9.16,0.119,746,9,0,1,credit_card,MA
400,44,72199,15,MORTGAGE,10270,36,7.75,0.214,688,11,0,0,debt_consolidation,NJ
401,40,33385,11,RENT,1000,36,5.47,0.036,707,11,1,0,credit_card,TX
402,27,95521,3,OWN,34002,60,10.27,0.3,744,7,2,1,car,MI
403,36,92468,10,MORTGAGE,26080,60,8.93,0.3,638,8,1,0,credit_card,VA
404,59,123383,25,RENT,39682,60,11.35,0.332,635,2,0,1,credit_card,WI
405,38,52618,13,OWN,14533,60,10.4,0.321,740,2,1,2,debt_consolidation,MO
406,64,65914,18,OWN,18162,60,10.99,0.256,695,6,0,2,home_improvement,AZ
407,26,25887,2,MORTGAGE,9486,36,9.53,0.374,718,8,0,4,car,MO
408,21,80938,1,OWN,17136,36,4.66,0.17,730,6,0,2,credit_card,NJ
409,55,61736,20,RENT,15482,36,5.23,0.368,698,2,3,1,small_business,FL
410,56,58663,28,RENT,12401,60,5.78,0.192,777,11,0,0,debt_consolidation,MA
411,56,40494,31,RENT,13986,60,13.98,0.335,663,4,1,0,credit_card,NC
412,74,49050,18,MORTGAGE,5978,36,7.06,0.121,638,7,0,1,credit_card,IN
413,56,41112,21,MORTGAGE,14513,36,7.83,0.351,709,9,1,0,car,WA
414,65,76026,31,MORTGAGE,9397,36,5.49,0.068,788,9,0,2,credit_card,PA
415,63,46953,28,MORTGAGE,12001,36,3.44,0.171,716,0,2,0,debt_consolidation,MO
416,23,81076,3,OWN,6953,36,5.35,0.101,774,12,0,0,credit_card,WI
417,62,81792,20,OWN,15141,36,6.84,0.202,628,3,0,1,car,TX
418,48,73201,19,OWN,21075,60,9.35,0.263,667,9,0,1,debt_consolidation,NY
419,65,59388,25,MORTGAGE,2624,36,5.8,0.075,663,6,1,0,debt_consolidation,PA
420,61,28632,11,RENT,11262,60,12.97,0.295,707,6,0,2,other,GA
421,43,33336,9,OWN,4512,36,3,0.158,702,17,1,2,car,MD
422,74,77184,29,RENT,12322,60,6.09,0.147,698,12,0,0,credit_card,IL
423,37,32458,9,MORTGAGE,5017,36,7.96,0.183,712,7,0,0,car,NC
424,24,41642,3,RENT,4063,36,7.46,0.075,715,12,0,0,debt_consolidation,CA
425,32,77537,6,OWN,6855,60,5.21,0.105,755,4,0,1,car,IL
426,25,24790,4,RENT,4972,36,10.57,0.224,668,7,1,0,other,NJ
427,71,69047,32,OWN,8426,36,6.79,0.145,684,6,1,2,other,WA
428,21,46051,1,MORTGAGE,9921,36,8.43,0.177,701,10,0,1,small_business,MA
429,63,55807,18,OTHER,19759,36,10.33,0.478,708,3,1,0,debt_consolidation,MO
430,70,47750,25,OWN,5668,36,7.13,0.032,727,13,1,3,debt_consolidation,FL
431,20,44560,1,RENT,6440,36,4.65,0.212,680,14,0,0,debt_consolidation,MA
432,56,51317,17,MORTGAGE,3162,36,6.34,0.092,698,7,1,1,debt_consolidation,IL
433,55,76687,9,OWN,18875,60,6.54,0.275,709,8,0,0,car,PA
434,25,16844,3,MORTGAGE,7299,36,13.32,0.385,715,12,0,1,credit_card,WI
435,71,27979,34,MORTGAGE,8939,60,12.31,0.296,691,8,0,2,car,MD
436,18,60327,0,MORTGAGE,21163,36,10.8,0.337,693,9,0,1,home_improvement,NJ
437,72,52850,27,MORTGAGE,16037,60,10.11,0.175,798,5,0,1,small_business,VA
438,57,60650,24,RENT,22127,60,11.72,0.437,671,5,0,0,credit_card,WI
439,25,35610,2,RENT,8580,60,5.12,0.219,717,0,0,1,other,NC
440,32,36271,5,MORTGAGE,8036,60,11.3,0.273,715,12,1,0,small_business,MI
441,57,102021,24,MORTGAGE,42818,60,9.89,0.36,696,11,4,2,debt_consolidation,TX
442,28,58036,5,RENT,14059,36,7.86,0.283,665,8,0,1,credit_card,WA
443,43,21358,17,MORTGAGE,11164,60,12.41,0.49,654,9,1,2,debt_consolidation,NC
444,53,46605,14,MORTGAGE,10199,36,5.18,0.166,699,9,1,0,debt_consolidation,IL
445,57,23467,13,OTHER,4005,36,8.41,0.162,678,7,0,1,small_business,CA
446,64,76235,15,OWN,8963,60,4.63,0.09,675,2,0,1,other,TX
447,28,69997,2,RENT,4599,60,5.65,0.01,716,7,0,0,debt_consolidation,TN
448,18,44419,0,OWN,7299,60,9.63,0.117,748,7,2,0,debt_consolidation,MO
449,18,45202,0,RENT,10021,60,8.23,0.306,693,10,0,1,small_business,MO
450,38,86233,5,OWN,35843,36,8.48,0.43,743,11,1,0,home_improvement,TN
451,39,59339,11,RENT,20307,60,13.78,0.33,698,10,0,1,car,MO
452,36,36260,10,RENT,6691,36,10.91,0.132,648,9,0,1,debt_consolidation,TN
453,20,98228,1,OTHER,7231,60,4.4,0.049,756,10,0,0,debt_consolidation,WA
454,75,57884,31,RENT,11386,36,7.34,0.265,773,7,4,3,debt_consolidation,AZ
455,74,59443,40,OWN,6473,36,6.61,0.129,677,10,0,2,debt_consolidation,FL
456,48,31551,17,RENT,5155,36,8.75,0.171,705,8,0,1,credit_card,TN
457,51,63405,26,OWN,17599,36,11.04,0.261,667,10,1,0,credit_card,WA
458,48,26807,18,MORTGAGE,4924,36,8.43,0.158,649,4,1,1,credit_card,MA
459,70,93999,37,MORTGAGE,35965,36,10.28,0.396,758,14,2,1,car,IN
460,38,85173,16,MORTGAGE,25693,36,8.73,0.251,694,7,2,1,credit_card,TN
461,56,18943,24,MORTGAGE,4340,36,8.86,0.171,704,5,1,3,credit_card,OH
462,29,59907,3,OWN,5476,36,7.04,0.092,683,5,0,1,debt_consolidation,PA
463,67,77990,40,MORTGAGE,7621,60,7.39,0.103,730,10,0,2,credit_card,CA
464,64,45679,14,MORTGAGE,2713,36,5,0.071,691,13,0,1,car,MA
465,66,70294,25,RENT,29621,36,10.21,0.297,646,9,0,2,debt_consolidation,FL
466,19,98023,0,RENT,11371,36,4.32,0.116,722,11,0,2,debt_consolidation,TN
467,54,43904,22,MORTGAGE,19952,36,12.78,0.494,632,2,3,0,small_business,OH
468,48,29533,19,OWN,6712,36,10.61,0.224,694,9,1,0,car,WI
469,54,61184,10,RENT,23802,60,11,0.4,683,8,1,0,debt_consolidation,CA
470,73,54481,22,OWN,12306,36,10.65,0.249,711,11,1,0,small_business,FL
471,35,120359,6,MORTGAGE,12288,60,7.4,0.123,660,7,1,1,credit_card,IN
472,56,13497,16,MORTGAGE,1961,36,5.2,0.139,644,3,1,0,debt_consolidation,IN
473,62,41852,14,MORTGAGE,18596,60,15.54,0.302,740,6,1,0,debt_consolidation,CA
474,54,41835,12,OWN,16654,60,11.7,0.303,743,8,1,0,car,MO
475,69,59566,14,MORTGAGE,12320,60,8.94,0.192,712,13,1,0,credit_card,MO
476,61,28269,36,RENT,8192,36,7.65,0.269,579,7,0,1,debt_consolidation,PA
477,63,47786,26,MORTGAGE,18464,60,10.84,0.242,702,12,0,0,home_improvement,VA
478,42,65915,14,OTHER,19008,36,9.55,0.294,665,4,1,0,other,PA
479,73,33154,40,RENT,7691,60,9.06,0.212,660,5,0,1,credit_card,GA
480,48,38663,10,RENT,6218,60,8.07,0.135,633,12,0,2,credit_card,IL
481,68,24507,22,MORTGAGE,6593,60,10.13,0.27,640,12,0,1,home_improvement,TN
482,21,20355,0,MORTGAGE,5811,36,10.69,0.155,639,12,0,0,credit_card,MD
483,19,36085,0,RENT,9965,60,9.07,0.258,648,10,0,0,debt_consolidation,IN
484,71,35922,25,RENT,6763,60,9.69,0.143,728,10,0,1,other,OH
485,61,57112,24,OWN,21709,36,9.36,0.423,746,11,1,2,car,TN
486,67,62828,19,MORTGAGE,21697,60,10.41,0.256,708,13,2,1,home_improvement,OH
487,73,60937,26,RENT,16756,60,8.16,0.221,671,3,0,0,small_business,NY
488,66,163584,38,OWN,21805,60,8.23,0.072,731,10,0,0,debt_consolidation,OH
489,37,62560,5,OWN,21940,60,9.29,0.393,690,13,2,1,debt_consolidation,GA
490,40,65442,5,MORTGAGE,7805,36,6.69,0.112,705,16,0,0,credit_card,IN
491,28,31267,6,MORTGAGE,5258,36,9.72,0.087,654,8,0,1,small_business,WA
492,21,54675,1,RENT,16266,36,8.18,0.288,747,7,0,0,other,MA
493,47,63358,18,RENT,21641,36,9.68,0.273,650,7,0,1,other,NC
494,23,29874,3,RENT,5445,36,5.9,0.214,660,8,0,0,debt_consolidation,OH
495,46,24630,13,MORTGAGE,6593,36,10.23,0.354,610,2,1,2,credit_card,WA
496,70,51772,36,RENT,14158,36,9.33,0.18,683,12,1,1,debt_consolidation,WI
497,61,54015,36,RENT,8176,36,6.88,0.216,671,10,0,1,other,TN
498,40,44096,18,RENT,8346,60,8.23,0.154,708,11,0,0,car,WA
499,35,54292,13,MORTGAGE,16604,36,8.7,0.244,751,1,0,0,car,FL
500,61,42307,12,RENT,11305,60,9.85,0.307,684,16,1,0,debt_consolidation,IN
501,43,36784,12,OWN,2198,36,6.94,0.095,697,5,1,2,debt_consolidation,IL
502,33,46160,7,MORTGAGE,11001,36,9.37,0.174,711,7,1,0,other,NY
503,19,84101,0,RENT,17011,60,12.4,0.16,602,6,1,0,credit_card,GA
504,38,46967,6,RENT,10530,60,8.76,0.164,662,3,0,0,credit_card,CA
505,18,57402,0,MORTGAGE,8977,36,6.35,0.096,719,0,0,2,small_business,CA
506,34,74410,8,MORTGAGE,15152,60,7.9,0.211,678,15,0,1,other,FL
507,48,58834,12,RENT,20360,36,7.07,0.304,712,8,0,1,credit_card,TX
508,41,35418,5,MORTGAGE,11265,60,9.58,0.254,753,7,1,3,car,PA
509,46,25764,9,RENT,3222,60,3.76,0.122,695,10,0,1,debt_consolidation,IL
510,46,49054,7,RENT,4870,36,6.95,0.131,648,3,0,0,debt_consolidation,PA
511,35,45437,14,OWN,16803,36,8.08,0.417,675,5,2,0,small_business,IN
512,47,16695,9,MORTGAGE,1000,60,5.14,0.077,649,9,0,1,credit_card,CA
513,52,42241,26,RENT,13356,36,7.61,0.276,637,10,1,1,credit_card,NJ
514,55,71339,14,OWN,20074,60,11.25,0.278,757,9,0,0,debt_consolidation,NJ
515,20,51497,0,RENT,7178,60,4.83,0.097,706,6,1,1,debt_consolidation,PA
516,65,40090,17,MORTGAGE,14791,60,9.5,0.288,725,17,0,1,credit_card,PA
517,32,53548,6,MORTGAGE,8645,36,8.94,0.161,746,9,1,1,credit_card,WA
518,50,65295,8,RENT,9612,36,10.02,0.107,706,6,0,0,car,TX
519,46,74540,10,OWN,16340,60,4.47,0.265,708,10,0,1,credit_card,NJ
520,69,48425,21,MORTGAGE,1916,36,4.39,0.124,698,11,1,3,other,IL
521,22,19342,1,MORTGAGE,6467,36,10.55,0.197,686,3,0,0,credit_card,IN
522,27,109581,6,OWN,29329,36,8.84,0.264,724,2,0,1,car,TN
523,28,44127,4,RENT,12405,60,7.45,0.222,710,3,0,1,home_improvement,TX
524,46,42712,11,MORTGAGE,15034,36,11.69,0.366,693,8,1,1,credit_card,MA
525,27,56515,4,OWN,21688,36,12.17,0.183,740,13,0,1,other,IN
526,67,61563,21,OWN,8277,36,9.05,0.14,684,12,0,1,debt_consolidation,NY
527,74,56521,24,MORTGAGE,16404,36,6.92,0.311,727,10,1,0,car,MD
528,36,50859,5,OWN,19802,60,11.79,0.412,662,8,3,3,other,MO
529,32,128930,9,MORTGAGE,28336,60,7.76,0.238,706,2,0,0,home_improvement,CA
530,63,62695,21,OTHER,18124,60,11.23,0.205,734,2,2,1,debt_consolidation,NC
531,33,25979,3,MORTGAGE,2411,36,6.13,0.101,751,7,2,2,credit_card,MD
532,25,27273,3,OWN,2104,36,3,0.13,677,7,0,0,debt_consolidation,IN
533,49,21310,20,OWN,10040,36,14.83,0.306,602,4,2,1,debt_consolidation,MD
534,49,63480,24,RENT,23721,60,13.57,0.22,654,14,1,1,home_improvement,VA
535,75,65528,40,MORTGAGE,8016,60,10.06,0.097,709,4,0,1,credit_card,WA
536,20,23724,1,MORTGAGE,4109,36,4.43,0.096,717,2,0,1,credit_card,AZ
537,26,65777,5,MORTGAGE,19464,60,8.76,0.243,644,7,1,1,small_business,NJ
538,47,42665,10,MORTGAGE,14546,36,9.44,0.255,702,12,0,2,home_improvement,MD
539,64,67155,18,MORTGAGE,23318,36,11.11,0.405,690,13,1,0,credit_card,PA
540,48,64258,9,OWN,20754,60,7.01,0.21,698,9,0,4,debt_consolidation,NY
541,70,53840,31,RENT,16074,36,9.26,0.266,690,10,0,1,small_business,NJ
542,64,70665,26,MORTGAGE,9790,36,6.75,0.174,728,6,1,0,debt_consolidation,VA
543,71,93050,19,RENT,20034,36,9.37,0.17,711,11,1,0,home_improvement,MD
544,56,43470,27,OWN,11487,36,9.33,0.285,708,4,0,1,home_improvement,NJ
545,73,73389,40,OWN,6573,60,7.54,0.093,716,3,0,0,credit_card,GA
546,29,55119,6,OWN,4454,60,3.53,0.065,690,14,0,0,debt_consolidation,IL
547,29,51364,3,MORTGAGE,14655,60,7.6,0.307,699,11,0,0,small_business,MO
548,49,25431,12,OWN,6782,60,7.48,0.232,623,6,0,1,credit_card,OH
549,45,33479,11,MORTGAGE,1742,36,3.55,0.064,703,7,0,0,debt_consolidation,VA
550,58,41208,14,OWN,4475,36,6.91,0.133,745,1,1,0,debt_consolidation,AZ
551,53,28348,28,OWN,15663,60,14.08,0.355,635,4,3,2,debt_consolidation,NY
552,43,27885,6,MORTGAGE,9005,36,11.19,0.393,623,10,0,1,other,NJ
553,20,16883,1,MORTGAGE,6166,60,9.17,0.328,651,6,0,1,debt_consolidation,CA
554,55,42546,30,MORTGAGE,4650,36,3,0.025,683,5,0,1,credit_card,IL
555,49,31842,7,RENT,13532,60,14.64,0.294,685,9,1,3,debt_consolidation,WI
556,42,42029,14,OWN,8752,60,8.41,0.142,727,6,1,0,debt_consolidation,IN
557,21,75987,2,RENT,21199,60,9.9,0.357,703,4,0,1,debt_consolidation,MI
558,46,32855,22,OWN,11645,36,7.72,0.317,628,10,0,1,home_improvement,TN
559,29,22222,3,OWN,5740,60,7.87,0.232,698,9,0,2,debt_consolidation,IN
560,74,28020,40,OWN,9154,36,8.23,0.391,701,4,1,2,credit_card,MA
561,32,67666,11,MORTGAGE,6716,60,6.96,0.137,693,13,1,1,debt_consolidation,MD
562,42,41477,17,RENT,6707,36,6.38,0.198,662,12,1,0,home_improvement,WI
563,35,48217,4,MORTGAGE,4198,36,5.53,0.134,705,0,0,1,car,NC
564,45,16824,7,OWN,6984,36,9.85,0.336,708,15,0,2,credit_card,MO
565,44,40721,8,MORTGAGE,8360,60,11.04,0.112,722,1,0,0,credit_card,OH
566,28,106327,6,MORTGAGE,45200,60,13.1,0.442,668,10,0,0,home_improvement,OH
567,22,61666,2,MORTGAGE,8106,36,8.22,0.116,647,0,0,1,other,NC
568,25,67023,5,MORTGAGE,12050,36,8.07,0.161,739,4,1,0,small_business,CA
569,62,35016,27,RENT,12854,36,10.48,0.428,711,1,3,2,credit_card,OH
570,63,88833,37,OWN,12453,36,5.13,0.143,730,0,0,0,credit_card,WA
571,18,96504,0,MORTGAGE,31909,36,9.88,0.36,732,10,2,0,credit_card,NJ
572,74,20754,17,OWN,1542,60,3.24,0.073,672,3,0,1,debt_consolidation,WI
573,49,44435,19,RENT,10369,36,7.66,0.177,732,12,1,1,debt_consolidation,NJ
574,45,99827,7,RENT,25823,60,9.37,0.179,749,8,0,1,other,FL
575,31,83168,7,RENT,9816,36,6.72,0.166,689,12,0,0,debt_consolidation,MD
576,49,24828,8,MORTGAGE,5654,36,8.06,0.154,806,8,1,1,debt_consolidation,NY
577,71,30470,29,OWN,10901,60,7.15,0.334,675,1,0,0,credit_card,NJ
578,63,39971,24,MORTGAGE,14495,36,11.38,0.333,675,8,1,0,small_business,FL
579,18,66958,0,MORTGAGE,12762,36,6.76,0.134,698,5,0,1,debt_consolidation,VA
580,22,71288,2,MORTGAGE,15611,36,7.79,0.173,706,11,0,0,credit_card,FL
581,66,19280,17,RENT,6714,36,8.22,0.298,723,3,0,2,other,NC
582,52,39344,27,OWN,10577,36,9.8,0.299,719,16,0,1,small_business,NJ
583,34,66782,10,OWN,11165,60,5.05,0.203,690,9,1,2,small_business,MD
584,71,39403,31,OWN,15541,36,8.89,0.33,703,5,1,1,home_improvement,TN
585,27,108447,4,OWN,33112,60,11.09,0.302,656,11,0,1,credit_card,CA
586,43,34964,15,MORTGAGE,11618,60,11.07,0.382,679,9,1,1,small_business,TN
587,38,27138,11,MORTGAGE,2080,60,11.71,0.105,631,11,0,1,credit_card,FL
588,22,45713,1,RENT,13637,36,12.1,0.232,646,15,1,0,other,WA
589,70,84437,21,RENT,35039,36,12.46,0.303,712,8,0,0,credit_card,WA
590,43,19615,17,RENT,7856,60,12.06,0.29,637,10,1,3,car,IN
591,21,32346,2,OWN,2840,60,5.38,0.107,664,3,0,1,credit_card,NC
592,49,30088,20,MORTGAGE,1000,36,8.13,0.01,698,11,0,0,credit_card,IL
593,53,51124,23,RENT,23603,36,12.56,0.324,739,7,1,0,credit_card,MD
594,63,89680,30,OWN,19305,36,9.51,0.189,692,3,0,2,car,GA
595,18,40781,0,OTHER,3176,36,3,0.127,718,1,1,0,car,IN
596,52,60770,17,RENT,16248,60,6.36,0.163,732,13,0,1,credit_card,IL
597,45,38047,11,RENT,8716,36,8.57,0.232,645,7,0,4,small_business,AZ
598,59,84169,14,OWN,20566,36,8.21,0.242,716,16,1,2,debt_consolidation,MA
599,56,64203,17,OWN,22157,36,9.55,0.284,679,11,0,2,small_business,MD
600,19,61738,0,OWN,10706,60,6.01,0.187,715,4,1,1,debt_consolidation,MI
601,45,68152,14,MORTGAGE,23685,60,9.47,0.313,759,13,0,0,debt_consolidation,NJ
602,46,32579,10,OWN,9510,60,8.18,0.216,751,17,0,0,credit_card,NC
603,28,37854,4,MORTGAGE,14266,36,10.7,0.373,673,9,0,0,debt_consolidation,FL
604,31,40292,10,OWN,10731,36,9.14,0.274,730,10,0,2,other,NY
605,44,14848,9,OWN,3349,60,7.76,0.158,709,8,0,2,home_improvement,AZ
606,36,43812,4,MORTGAGE,10331,36,3,0.262,733,6,0,1,small_business,IN
607,54,96307,9,MORTGAGE,9264,36,10,0.143,747,11,0,0,other,NJ
608,48,42019,18,MORTGAGE,6235,60,10.92,0.123,707,5,0,1,home_improvement,OH
609,52,45092,15,MORTGAGE,8054,60,7.02,0.207,738,12,0,0,small_business,IL
610,34,66692,8,RENT,12205,60,10.46,0.301,728,5,0,1,small_business,AZ
611,55,78341,21,OWN,28160,36,13.62,0.257,703,8,1,0,other,NY
612,25,92381,5,RENT,11688,60,10.76,0.064,766,15,1,0,home_improvement,PA
613,25,81009,2,OTHER,8207,60,7.5,0.12,678,10,0,1,debt_consolidation,MI
614,27,60789,2,MORTGAGE,11965,36,6.97,0.168,706,7,0,2,credit_card,NC
615,40,107514,14,RENT,40374,36,12.07,0.281,781,13,1,1,small_business,CA
616,28,63253,5,RENT,17573,36,7.64,0.24,682,12,0,2,home_improvement,PA
617,57,60823,18,MORTGAGE,22324,36,10.28,0.368,668,8,4,0,car,VA
618,45,34538,19,RENT,9110,60,7.89,0.226,619,9,0,0,credit_card,TX
619,65,28942,23,MORTGAGE,4487,60,6.71,0.158,710,16,0,0,car,MO
620,67,48761,34,OWN,2643,60,4.82,0.085,707,12,0,0,home_improvement,MI
621,32,48792,9,MORTGAGE,6320,36,5.99,0.128,725,7,0,0,home_improvement,IN
622,41,53344,11,MORTGAGE,5111,36,9.13,0.12,624,12,1,2,other,VA
623,41,57531,9,MORTGAGE,12951,36,10.98,0.281,745,7,1,1,credit_card,IN
624,39,68391,10,RENT,12391,60,8.97,0.205,676,3,0,0,home_improvement,GA
625,46,36665,7,MORTGAGE,3902,36,9.53,0.118,680,13,0,0,home_improvement,GA
626,55,56900,31,MORTGAGE,6758,36,3.04,0.148,668,3,0,1,car,WA
627,31,37936,3,OTHER,8722,60,7.86,0.297,690,6,1,0,debt_consolidation,NJ
628,47,37713,8,OWN,8088,60,10.97,0.206,727,0,0,0,debt_consolidation,NJ
629,23,51961,3,RENT,19621,36,10.25,0.266,720,9,0,2,home_improvement,NJ
630,48,53472,14,OWN,12435,36,9.33,0.288,726,5,0,0,credit_card,NJ
631,37,97870,7,RENT,8359,60,5.65,0.031,749,15,0,1,home_improvement,NY
632,50,31437,12,RENT,1881,36,3.71,0.042,742,8,0,0,home_improvement,GA
633,64,75094,21,RENT,19046,60,8.19,0.285,658,10,1,1,debt_consolidation,TX
634,30,70758,6,OWN,6760,36,10.16,0.143,662,5,2,0,debt_consolidation,VA
635,62,37800,36,MORTGAGE,8616,60,9.54,0.226,724,9,0,1,debt_consolidation,PA
636,33,22970,3,RENT,3814,60,8.03,0.147,664,10,0,1,credit_card,MA
637,52,59472,19,RENT,7234,36,3.69,0.103,682,7,2,0,home_improvement,IL
638,48,95775,25,MORTGAGE,11827,60,6.23,0.138,676,12,0,3,debt_consolidation,NC
639,20,34406,1,MORTGAGE,12800,60,10.27,0.404,602,9,2,2,small_business,IN
640,40,29782,12,RENT,11490,36,12.49,0.306,710,10,1,0,other,NY
641,69,50337,39,OWN,9966,36,7.04,0.196,678,3,0,1,credit_card,MI
642,46,47095,7,MORTGAGE,3314,60,4.87,0.076,733,2,0,1,home_improvement,WI
643,73,53868,19,MORTGAGE,18789,60,9.25,0.293,690,3,0,1,debt_consolidation,FL
644,70,45115,25,MORTGAGE,11151,36,12.09,0.235,693,19,1,1,debt_consolidation,IL
645,60,29968,35,OWN,7594,36,9.73,0.236,683,9,0,0,small_business,GA
646,63,25073,17,OWN,2521,36,10.6,0.159,705,8,0,3,credit_card,MD
647,22,53738,1,MORTGAGE,14011,36,10.76,0.272,661,11,0,2,debt_consolidation,NY
648,35,61565,8,OWN,17306,36,11.35,0.327,683,5,0,0,debt_consolidation,NJ
649,47,65573,15,MORTGAGE,22300,60,11.25,0.401,715,6,1,1,car,TN
650,66,62106,12,MORTGAGE,14936,36,12.61,0.295,732,15,1,0,credit_card,OH
651,72,67022,34,OWN,25786,60,10.35,0.427,664,17,0,1,small_business,TN
652,42,64323,10,MORTGAGE,11890,60,12.08,0.123,653,13,0,0,car,AZ
653,71,22160,22,OWN,4410,36,11.38,0.267,607,10,0,1,credit_card,CA
654,32,18371,10,OWN,4473,36,4.66,0.246,689,9,0,2,home_improvement,VA
655,38,52884,13,MORTGAGE,9451,60,6.84,0.2,737,10,0,4,home_improvement,TN
656,32,31773,4,OWN,9577,60,10.3,0.35,630,14,2,1,home_improvement,WA
657,39,98184,10,MORTGAGE,28819,36,11.58,0.235,728,9,0,1,other,WI
658,54,53153,19,RENT,22057,60,9.75,0.472,669,7,1,0,debt_consolidation,GA
659,54,37271,19,RENT,5410,36,5.64,0.152,733,14,0,0,debt_consolidation,NJ
660,60,94077,14,OWN,40278,36,10.94,0.432,682,7,0,0,small_business,AZ
661,66,67051,15,MORTGAGE,17669,60,8.95,0.326,678,2,0,1,debt_consolidation,CA
662,66,30160,16,RENT,4110,60,10.24,0.138,661,6,0,2,credit_card,TN
663,44,83343,8,RENT,28091,60,9.79,0.343,710,7,0,1,home_improvement,MO
664,74,54868,29,OWN,12485,36,9.01,0.246,725,17,0,1,credit_card,IN
665,43,63147,19,OWN,19174,60,13.03,0.361,684,9,2,0,debt_consolidation,WI
666,72,81185,33,OWN,17926,60,8.95,0.133,662,13,0,2,credit_card,GA
667,22,53572,3,RENT,16883,36,10.95,0.289,738,7,1,0,debt_consolidation,TX
668,26,46339,3,OWN,13130,60,9.26,0.224,680,6,0,0,home_improvement,OH
669,36,36472,14,OWN,2709,60,4.6,0.07,667,14,0,0,debt_consolidation,OH
670,26,63167,5,RENT,22617,36,9.95,0.254,658,12,2,3,small_business,NC
671,62,45675,31,OWN,17096,60,10.92,0.367,666,16,1,0,small_business,IN
672,67,22123,12,RENT,5662,60,7.46,0.262,690,13,2,1,small_business,TX
673,43,47224,9,MORTGAGE,19186,36,12.68,0.315,675,8,2,0,credit_card,WA
674,67,34135,13,MORTGAGE,11998,60,10.18,0.419,696,9,2,1,debt_consolidation,FL
675,53,82094,14,MORTGAGE,22479,36,8.25,0.262,729,4,0,0,credit_card,AZ
676,19,92085,0,RENT,29902,60,7.96,0.429,631,10,2,1,credit_card,GA
677,53,50305,11,OWN,4147,60,7.2,0.151,691,13,1,0,car,MA
678,51,72143,21,OWN,20445,60,9.63,0.335,707,10,0,1,debt_consolidation,WA
679,49,36092,16,MORTGAGE,6689,36,9.98,0.151,767,6,0,1,credit_card,NY
680,47,77793,20,MORTGAGE,25812,60,8.92,0.411,703,9,1,0,home_improvement,PA
681,62,35520,32,MORTGAGE,1000,36,4.75,0.045,655,7,1,1,car,NJ
682,50,65795,18,OWN,9059,36,7.91,0.154,684,14,2,0,other,NJ
683,35,20011,8,OTHER,7941,60,11.66,0.35,690,4,0,2,home_improvement,WA
684,22,31132,2,MORTGAGE,3258,60,7.72,0.136,762,10,2,0,debt_consolidation,FL
685,41,49833,10,RENT,13698,60,10.04,0.28,649,18,0,0,small_business,MA
686,57,52108,12,MORTGAGE,3425,60,4.75,0.098,675,7,0,2,debt_consolidation,WA
687,63,63313,14,RENT,16242,36,8.77,0.253,738,6,1,1,debt_consolidation,TX
688,20,31809,1,OWN,8540,60,7.95,0.282,624,0,0,2,credit_card,MD
689,39,30130,12,OWN,6374,60,8.6,0.24,653,5,0,2,car,PA
690,38,78414,13,MORTGAGE,31112,36,10.18,0.431,716,5,0,0,credit_card,CA
691,45,54018,20,OWN,15884,36,8.1,0.337,742,5,0,0,credit_card,MI
692,25,48007,3,MORTGAGE,12534,60,10.39,0.298,628,7,0,2,credit_card,OH
693,71,58708,40,MORTGAGE,23709,36,9.44,0.376,657,10,0,0,car,CA
694,37,57406,6,MORTGAGE,10295,60,7.01,0.092,709,10,0,1,credit_card,TX
695,48,51245,24,MORTGAGE,20297,36,10.8,0.47,693,9,3,1,home_improvement,NJ
696,18,35495,0,OWN,5233,36,5.96,0.14,713,6,0,1,home_improvement,TX
697,67,45805,26,RENT,7379,36,8.17,0.102,653,7,0,1,car,MD
698,73,69603,32,OWN,16122,60,9.28,0.162,768,9,0,5,car,VA
699,55,71435,28,RENT,2925,36,5.14,0.061,718,7,0,0,debt_consolidation,MD
700,65,35430,15,MORTGAGE,6209,36,8.58,0.184,697,6,0,0,car,WI
701,48,32644,19,MORTGAGE,3403,36,4.65,0.138,704,7,0,1,credit_card,WA
702,52,29319,26,MORTGAGE,7209,36,8.29,0.242,693,9,0,2,credit_card,WI
703,28,27665,7,MORTGAGE,8528,60,11.32,0.32,741,3,0,0,debt_consolidation,NC
704,27,69984,5,RENT,27372,60,11.03,0.269,688,8,2,1,debt_consolidation,WI
705,35,93196,4,MORTGAGE,10766,36,4.34,0.076,671,5,1,1,debt_consolidation,IN
706,53,55827,12,OWN,8438,60,7.39,0.177,689,11,0,0,debt_consolidation,IN
707,48,71120,21,MORTGAGE,26652,60,10.87,0.243,696,4,0,0,credit_card,IN
708,59,39504,26,OWN,12336,60,8.24,0.231,736,6,0,2,credit_card,AZ
709,37,49326,15,MORTGAGE,7816,36,5.16,0.134,718,6,0,2,home_improvement,IN
710,47,47374,22,MORTGAGE,18774,60,12.09,0.268,714,6,0,1,credit_card,MA
711,20,121252,0,OWN,42177,36,7.84,0.306,727,7,0,0,debt_consolidation,PA
712,72,61545,40,RENT,10546,36,8.59,0.203,726,9,0,2,home_improvement,FL
713,60,51710,25,RENT,5096,60,3.65,0.103,699,5,0,0,credit_card,NC
714,70,55983,24,MORTGAGE,9966,60,6.66,0.132,640,7,0,1,small_business,MA
715,32,25679,10,RENT,2845,36,3.3,0.093,750,3,1,1,credit_card,NJ
716,32,55601,4,MORTGAGE,23537,60,15.18,0.264,686,4,0,0,other,TX
717,42,35680,10,RENT,11096,36,6.36,0.372,692,12,1,0,car,TX
718,56,111282,29,RENT,41983,60,12.12,0.273,736,10,0,0,credit_card,IL
719,43,36327,8,OWN,12312,36,8.93,0.343,657,14,2,1,small_business,IN
720,37,44845,15,MORTGAGE,13705,36,6.24,0.173,625,12,0,1,car,NJ
721,46,58131,20,OWN,4765,60,5.7,0.057,722,9,0,1,credit_card,PA
722,75,110405,28,MORTGAGE,16690,60,6.72,0.137,739,7,1,0,debt_consolidation,MO
723,27,70082,4,RENT,4960,60,4.78,0.112,760,13,1,1,small_business,IL
724,73,32063,40,MORTGAGE,6163,36,8.54,0.205,660,8,0,0,debt_consolidation,WA
725,39,107034,16,RENT,40262,60,11.21,0.391,736,11,1,1,credit_card,MA
726,47,91102,8,MORTGAGE,6935,36,5.58,0.054,761,12,1,2,debt_consolidation,MI
727,26,30372,5,MORTGAGE,6519,36,6.95,0.187,731,8,1,0,small_business,NJ
728,62,34069,13,MORTGAGE,12974,60,11.59,0.246,685,8,0,1,home_improvement,OH
729,27,46398,7,MORTGAGE,11415,36,8.9,0.277,663,7,0,0,debt_consolidation,MI
730,74,48436,37,OTHER,20522,60,13.02,0.392,703,7,0,1,credit_card,MO
731,32,21182,10,RENT,1957,60,9.78,0.084,602,12,0,0,credit_card,OH
732,30,51238,4,RENT,16779,36,13.4,0.363,691,3,0,0,debt_consolidation,MO
733,59,89756,28,MORTGAGE,30405,36,9.41,0.29,724,8,0,0,car,NC
734,42,22353,19,RENT,9647,60,10.54,0.373,711,11,1,2,credit_card,MD
735,39,39548,6,RENT,8972,36,8.86,0.203,730,11,1,1,debt_consolidation,AZ
736,28,92439,7,MORTGAGE,14140,36,7.97,0.208,830,8,1,2,home_improvement,MO
737,30,60711,3,MORTGAGE,22402,60,8.15,0.339,685,9,0,0,debt_consolidation,TX
738,22,64330,2,OWN,18542,36,9.04,0.333,736,7,0,2,debt_consolidation,GA
739,68,93618,28,MORTGAGE,28408,36,12.76,0.318,774,16,0,1,home_improvement,NJ
740,39,36554,17,OWN,7025,36,7.23,0.146,696,8,0,0,credit_card,PA
741,63,42044,18,OWN,9126,36,7.58,0.228,656,7,1,0,home_improvement,NJ
742,65,60474,12,MORTGAGE,10284,36,7.06,0.147,683,10,0,1,credit_card,OH
743,49,40609,26,MORTGAGE,15483,60,11.22,0.322,770,10,2,2,debt_consolidation,TN
744,21,46413,2,MORTGAGE,15954,36,7.05,0.265,674,7,0,1,credit_card,FL
745,71,20742,33,OWN,6346,60,8.62,0.222,688,10,0,1,car,NY
746,22,68820,2,MORTGAGE,8964,36,6.9,0.203,749,2,1,0,credit_card,NC
747,18,35500,0,OWN,6989,60,10.33,0.121,663,4,0,0,small_business,TX
748,64,53851,14,MORTGAGE,12604,60,5.37,0.168,750,0,1,1,other,GA
749,34,72685,4,MORTGAGE,11614,60,9.64,0.122,713,13,2,1,credit_card,NC
750,27,60655,7,MORTGAGE,21812,36,12.25,0.283,737,9,0,2,home_improvement,MO
751,31,63706,6,OTHER,18682,60,10.48,0.389,688,9,2,1,small_business,MI
752,48,30281,16,MORTGAGE,4770,36,8.57,0.182,674,9,0,2,debt_consolidation,MO
753,74,30713,14,RENT,4351,60,4.8,0.094,650,12,2,0,debt_consolidation,PA
754,49,52627,11,MORTGAGE,20977,60,12.7,0.291,686,8,2,1,small_business,NJ
755,25,64026,3,RENT,21114,36,5.13,0.388,724,9,1,1,debt_consolidation,PA
756,46,43026,19,MORTGAGE,13051,36,12.69,0.261,704,7,0,1,car,GA
757,23,41755,2,RENT,16993,60,9.83,0.326,651,9,1,1,debt_consolidation,MA
758,49,41017,12,MORTGAGE,9143,36,9.17,0.269,712,5,0,0,credit_card,WI
759,23,44294,3,MORTGAGE,15560,60,11.35,0.265,663,10,0,0,credit_card,NY
760,46,25667,19,RENT,1926,60,10.79,0.141,696,6,0,2,debt_consolidation,VA
761,54,31489,17,RENT,13394,36,9.92,0.341,751,5,0,0,car,MD
762,45,70374,16,MORTGAGE,21998,36,10.95,0.271,668,7,0,2,home_improvement,MD
763,35,34343,13,MORTGAGE,1711,36,5.74,0.055,696,2,0,0,debt_consolidation,TN
764,64,46229,16,MORTGAGE,19116,60,12.62,0.492,676,9,2,2,debt_consolidation,IL
765,32,24132,4,MORTGAGE,6730,36,7.11,0.356,700,13,1,2,small_business,WI
766,23,62411,1,MORTGAGE,7275,36,7.29,0.144,669,14,0,2,home_improvement,MI
767,46,101741,20,MORTGAGE,13989,36,6.87,0.106,696,15,0,0,home_improvement,NJ
768,63,46965,22,OWN,10419,36,9.56,0.226,665,1,0,2,home_improvement,MI
769,58,30461,14,MORTGAGE,10793,60,8.97,0.298,644,12,0,0,credit_card,NY
770,65,53042,12,RENT,16486,36,11.15,0.158,747,13,0,1,credit_card,MD
771,50,47496,12,OTHER,14257,36,11.91,0.354,666,4,0,2,credit_card,TX
772,61,87839,11,RENT,25720,60,6.19,0.206,709,1,0,1,debt_consolidation,MO
773,36,71418,11,RENT,16866,36,7.05,0.154,703,13,0,0,debt_consolidation,NY
774,27,68296,5,MORTGAGE,26311,36,6.71,0.289,715,8,1,1,credit_card,MI
775,39,51081,11,RENT,10146,36,6.07,0.183,672,2,0,2,credit_card,OH
776,25,111270,5,MORTGAGE,16260,36,9.53,0.213,762,4,1,1,small_business,MO
777,22,31427,2,MORTGAGE,12230,60,10.49,0.327,696,9,1,2,debt_consolidation,NC
778,67,24623,31,MORTGAGE,2171,36,4.3,0.067,661,5,0,0,car,VA
779,32,63124,4,OWN,16412,60,9.43,0.168,647,8,2,2,small_business,VA
780,74,36818,38,MORTGAGE,11815,36,11.23,0.239,639,3,0,0,car,TN
781,29,81267,7,MORTGAGE,9009,36,6.28,0.141,699,16,0,1,credit_card,MI
782,29,18227,7,RENT,4905,36,11.19,0.229,661,8,2,3,debt_consolidation,IL
783,68,19118,40,MORTGAGE,6509,36,7.44,0.365,689,3,0,0,credit_card,IN
784,60,83514,32,OWN,7123,36,6.68,0.125,731,8,0,0,other,WI
785,63,109059,11,MORTGAGE,17017,60,6.83,0.19,745,7,0,0,debt_consolidation,PA
786,68,54121,25,MORTGAGE,10044,36,10.73,0.167,786,16,0,0,credit_card,VA
787,42,77506,11,RENT,16669,36,6.68,0.199,736,9,1,1,other,WI
788,66,59898,31,OWN,6090,60,6.08,0.111,766,0,0,0,credit_card,MO
789,50,41181,13,RENT,12671,36,10.52,0.181,740,12,1,1,home_improvement,MI
790,55,58493,9,RENT,5485,36,6.21,0.155,688,4,0,0,home_improvement,NC
791,64,53889,27,RENT,7719,36,6,0.204,761,2,0,0,home_improvement,TN
792,57,23071,32,RENT,3930,36,11.06,0.196,672,11,0,0,debt_consolidation,TN
793,30,34758,4,MORTGAGE,4049,36,7.39,0.1,743,9,0,0,car,OH
794,54,55453,10,OWN,17235,36,8.95,0.275,679,3,0,0,credit_card,TX
795,75,61418,25,OWN,22450,36,9.15,0.192,716,12,0,0,car,CA
796,21,80169,2,RENT,33221,60,15.01,0.436,716,12,2,0,other,MD
797,40,59929,17,RENT,20226,60,8.11,0.22,735,7,0,0,car,MA
798,21,43610,1,RENT,10886,60,10.11,0.308,709,10,2,0,credit_card,FL
799,66,44487,33,MORTGAGE,12100,60,6.93,0.284,676,12,1,0,credit_card,MD
800,55,57130,14,OWN,17745,36,10.19,0.229,693,9,0,2,debt_consolidation,NJ
801,68,69001,12,MORTGAGE,15256,60,9.42,0.238,697,2,0,1,credit_card,AZ
802,69,72325,34,RENT,22252,36,7.24,0.221,756,0,2,4,credit_card,CA
803,47,47498,8,OTHER,9023,36,6.56,0.204,751,5,0,0,credit_card,TN
804,52,37282,11,RENT,13790,36,9.4,0.365,709,14,2,1,credit_card,AZ
805,54,92517,28,MORTGAGE,11694,36,3.76,0.173,676,12,0,1,debt_consolidation,GA
806,21,33495,1,MORTGAGE,4613,60,7.37,0.094,702,11,0,1,small_business,AZ
807,42,94767,8,RENT,36748,60,9.95,0.331,744,14,0,1,debt_consolidation,IL
808,63,69548,34,MORTGAGE,12541,36,10.49,0.166,767,7,1,4,other,MD
809,45,159882,19,RENT,52988,36,12.2,0.274,714,6,0,2,car,TX
810,27,40021,3,RENT,6798,60,6.82,0.154,622,8,0,1,credit_card,MD
811,33,32179,6,OTHER,6386,60,7.84,0.138,675,4,0,0,small_business,IN
812,56,42113,20,OWN,19561,60,11.31,0.472,628,10,1,2,credit_card,OH
813,62,27558,34,OWN,6715,36,7.24,0.158,703,11,0,0,car,PA
814,64,62587,17,RENT,22220,60,9.68,0.375,720,11,3,2,debt_consolidation,WI
815,70,70711,22,MORTGAGE,15416,60,9.24,0.112,731,9,0,0,small_business,NJ
816,58,33256,13,MORTGAGE,6476,36,7.77,0.193,677,12,0,0,car,NC
817,70,55065,18,RENT,16661,36,9.83,0.352,777,10,2,1,credit_card,NY
818,19,36529,0,RENT,7566,60,10.73,0.179,747,13,0,3,debt_consolidation,VA
819,68,32381,15,OWN,5790,36,6.37,0.042,783,12,0,0,small_business,MA
820,43,30838,6,OWN,11975,60,9.99,0.419,748,9,0,0,car,VA
821,63,100484,23,RENT,21250,60,9.82,0.132,721,2,0,0,small_business,CA
822,42,68285,19,RENT,12195,60,4.06,0.233,728,14,0,0,small_business,TN
823,39,36253,10,RENT,4498,36,4.07,0.075,646,2,1,0,small_business,FL
824,26,71456,2,MORTGAGE,26189,36,10.92,0.267,744,2,1,2,home_improvement,MI
825,73,55197,30,RENT,11736,36,9.95,0.174,674,12,1,1,home_improvement,MO
826,70,28867,15,MORTGAGE,11122,60,6.68,0.391,712,2,1,0,credit_card,NC
827,50,68502,17,OTHER,18133,36,11.05,0.207,713,9,0,0,home_improvement,NY
828,34,104901,8,MORTGAGE,34231,36,9.86,0.406,626,4,1,0,credit_card,IL
829,19,42293,0,MORTGAGE,16162,60,13.92,0.405,691,2,5,1,small_business,TN
830,75,82061,30,MORTGAGE,30715,36,11.65,0.264,747,9,0,0,other,NC
831,68,31816,19,OWN,11128,60,12.5,0.25,665,12,2,3,home_improvement,WI
832,26,40493,2,MORTGAGE,7195,60,3.19,0.149,666,7,0,0,debt_consolidation,WA
833,25,110319,3,MORTGAGE,41115,36,10.94,0.379,724,0,2,1,home_improvement,AZ
834,27,84753,6,MORTGAGE,39416,60,12.44,0.429,786,9,1,1,small_business,TN
835,33,59752,11,RENT,17684,36,9.68,0.305,649,14,1,0,debt_consolidation,FL
836,75,34612,18,OWN,3579,36,4.69,0.074,638,11,0,0,credit_card,WA
837,23,94852,2,RENT,16559,60,7.01,0.181,693,5,2,2,home_improvement,TX
838,30,71391,5,MORTGAGE,5336,60,6.32,0.048,690,6,1,0,home_improvement,OH
839,59,55988,27,OWN,16434,60,8.21,0.161,736,7,0,1,other,TN
840,36,76982,12,MORTGAGE,12512,36,6.95,0.109,712,9,1,1,debt_consolidation,AZ
841,47,47789,23,OWN,16418,60,8.96,0.336,657,1,0,1,credit_card,TX
842,45,58150,17,MORTGAGE,20236,36,7.37,0.285,718,6,1,0,small_business,MO
843,67,52778,14,RENT,21996,60,9.87,0.277,650,8,1,1,home_improvement,MO
844,36,32479,6,RENT,3830,36,6.6,0.106,693,3,1,1,debt_consolidation,MO
845,47,42145,24,MORTGAGE,5072,36,9.55,0.155,706,5,1,0,debt_consolidation,NY
846,24,56166,4,RENT,13835,36,11.48,0.155,699,5,0,0,debt_consolidation,AZ
847,61,56407,22,OTHER,12445,36,11.35,0.269,734,11,4,1,car,MO
848,69,97417,29,OWN,27590,60,10.76,0.275,744,9,1,2,debt_consolidation,TX
849,22,54363,1,OWN,19589,60,10.18,0.318,724,6,1,0,credit_card,IN
850,48,50199,11,RENT,23422,36,10.97,0.339,744,16,0,0,other,MO
851,73,46606,17,RENT,6873,36,6,0.129,736,12,2,1,other,MO
852,42,32756,10,OTHER,1000,36,5.4,0.045,644,15,0,0,debt_consolidation,TX
853,63,49795,23,MORTGAGE,11595,36,8.63,0.214,657,7,0,1,home_improvement,WA
854,56,77206,16,MORTGAGE,8678,36,7.27,0.129,749,16,0,0,credit_card,NC
855,27,24947,7,RENT,7343,60,11.33,0.353,706,4,4,1,home_improvement,TN
856,45,50273,22,RENT,18985,36,12.17,0.352,719,6,0,0,debt_consolidation,IL
857,71,75417,29,MORTGAGE,15483,60,5.24,0.165,630,12,0,0,home_improvement,CA
858,39,119952,7,MORTGAGE,16412,36,10.56,0.118,733,9,0,3,home_improvement,IN
859,67,104272,40,MORTGAGE,35166,60,10.25,0.293,734,7,0,1,credit_card,IN
860,19,53760,0,RENT,9406,36,6.36,0.209,707,14,0,0,debt_consolidation,MD
861,40,38767,8,MORTGAGE,8658,36,9.49,0.19,673,4,0,1,car,TN
862,42,44231,18,MORTGAGE,6917,36,6.83,0.11,727,9,0,3,debt_consolidation,NJ
863,20,41397,1,MORTGAGE,6364,60,5.52,0.178,666,4,0,3,small_business,WI
864,18,59609,0,RENT,19981,36,9.62,0.284,758,5,0,1,debt_consolidation,CA
865,58,50005,19,RENT,6699,60,10.61,0.108,710,0,0,0,home_improvement,TN
866,36,24172,12,OWN,5896,36,7.22,0.26,654,0,0,1,credit_card,MI
867,39,41580,9,OWN,2436,60,6.46,0.071,752,12,1,0,debt_consolidation,TN
868,55,37690,21,OWN,4653,36,3.72,0.146,733,12,0,0,car,NY
869,75,58194,25,MORTGAGE,14015,36,8.28,0.131,657,12,1,0,credit_card,MI
870,25,37621,4,OWN,13729,36,11.78,0.293,668,8,0,0,credit_card,OH
871,26,53904,4,MORTGAGE,13484,36,9.32,0.19,693,13,0,1,car,NC
872,60,43692,12,MORTGAGE,9085,36,8.38,0.234,631,8,1,0,small_business,MO
873,60,40810,18,OWN,8064,36,10.11,0.216,703,15,0,2,home_improvement,AZ
874,56,68758,23,OWN,10466,36,5.87,0.23,749,6,0,0,small_business,OH
875,19,47347,0,MORTGAGE,10873,60,9.94,0.327,692,13,0,1,debt_consolidation,GA
876,21,33401,2,RENT,3436,36,6.59,0.098,686,9,1,0,other,TX
877,66,30887,39,MORTGAGE,9486,36,11.05,0.333,715,6,1,1,debt_consolidation,MO
878,42,38435,12,MORTGAGE,12399,36,9.97,0.37,678,18,0,0,home_improvement,NY
879,74,33872,17,OWN,14604,60,9.88,0.396,672,1,1,2,debt_consolidation,WI
880,51,62683,12,MORTGAGE,9328,60,6.29,0.121,632,2,0,2,home_improvement,OH
881,54,57705,22,MORTGAGE,2997,60,6.88,0.066,718,10,1,0,small_business,MA
882,38,41114,16,RENT,10379,36,10.15,0.172,672,15,2,1,small_business,MD
883,40,64424,6,RENT,19612,60,8.54,0.237,647,6,0,1,credit_card,NC
884,60,78200,31,MORTGAGE,14787,60,9.86,0.162,696,17,1,1,home_improvement,TX
885,31,82051,9,RENT,11234,60,5.74,0.206,720,7,0,0,debt_consolidation,AZ
886,27,104542,5,MORTGAGE,8356,60,6.33,0.149,771,9,1,0,debt_consolidation,MD
887,57,33300,25,OWN,6254,60,7.97,0.16,688,11,1,2,small_business,WA
888,20,86296,0,OTHER,22519,36,4.87,0.326,715,13,0,1,debt_consolidation,GA
889,64,44878,16,OTHER,12185,36,11,0.168,720,12,0,1,home_improvement,MO
890,25,94975,4,MORTGAGE,30197,36,6.99,0.278,715,10,0,0,credit_card,WA
891,50,69663,16,MORTGAGE,10629,36,6.56,0.135,643,8,1,0,debt_consolidation,NY
892,56,51640,26,RENT,20746,36,8.99,0.396,753,5,2,0,debt_consolidation,NC
893,30,32343,6,MORTGAGE,12337,60,12.51,0.343,725,2,0,0,debt_consolidation,VA
894,56,31988,16,OWN,14463,36,10.85,0.394,667,3,0,1,credit_card,TX
895,58,41915,26,MORTGAGE,12084,60,7.98,0.121,684,9,0,1,debt_consolidation,MD
896,65,57210,37,MORTGAGE,5078,36,8.62,0.122,692,8,0,0,home_improvement,NJ
897,68,29084,21,RENT,3572,36,4.22,0.122,702,7,1,0,car,NC
898,53,31806,21,RENT,11912,60,10.27,0.315,733,12,1,1,debt_consolidation,AZ
899,58,31114,32,OWN,6181,60,7.12,0.23,729,13,0,1,credit_card,CA
900,69,32646,38,MORTGAGE,8540,60,8.54,0.359,759,3,2,1,debt_consolidation,IN
901,59,42157,22,OWN,3903,60,6.85,0.051,710,2,0,1,debt_consolidation,NC
902,54,68633,27,RENT,14710,60,7.4,0.144,750,16,0,1,small_business,MI
903,52,52257,22,RENT,8369,60,9.18,0.183,673,13,0,1,credit_card,OH
904,69,35301,40,OWN,12917,60,10.71,0.279,717,11,0,1,other,TX
905,34,15754,6,OWN,4525,60,10.66,0.266,637,8,0,0,debt_consolidation,WI
906,19,27503,0,RENT,8699,36,9.07,0.331,687,9,0,2,debt_consolidation,TX
907,67,96101,18,MORTGAGE,14195,36,10.37,0.195,715,5,3,0,credit_card,TN
908,66,133192,22,MORTGAGE,49452,36,7.03,0.298,698,10,0,0,credit_card,MD
909,48,41764,23,MORTGAGE,10461,36,9.01,0.22,760,9,0,0,debt_consolidation,TN
910,28,116855,8,MORTGAGE,20222,60,9.45,0.154,707,7,0,0,debt_consolidation,NC
911,54,73300,15,RENT,25792,60,10.81,0.254,686,5,1,1,debt_consolidation,OH
912,31,54751,4,MORTGAGE,22054,36,12.33,0.249,746,9,0,3,credit_card,IN
913,49,103390,24,OWN,17409,60,6.62,0.128,619,12,0,1,credit_card,FL
914,72,76585,23,MORTGAGE,27798,60,9.51,0.259,740,1,1,1,credit_card,MO
915,57,58230,12,OWN,25154,36,11.9,0.319,706,3,0,3,credit_card,TN
916,23,37641,3,MORTGAGE,10881,60,13.71,0.291,726,2,1,0,credit_card,OH
917,37,31275,10,MORTGAGE,11110,60,11.71,0.412,662,1,0,1,car,AZ
918,37,71632,16,RENT,27931,36,11.21,0.4,703,11,1,0,debt_consolidation,PA
919,73,31217,20,RENT,11598,36,10.57,0.339,682,12,0,2,home_improvement,OH
920,21,58523,1,MORTGAGE,11945,60,10.1,0.201,703,13,0,1,debt_consolidation,PA
921,65,80130,20,MORTGAGE,7700,60,7.11,0.094,647,19,2,0,home_improvement,IN
922,52,39431,16,MORTGAGE,9582,36,10.06,0.245,709,4,0,0,debt_consolidation,WI
923,45,41222,6,OWN,5224,36,4.75,0.216,662,10,1,1,debt_consolidation,MA
924,45,42016,15,RENT,12696,36,11.61,0.312,694,7,1,2,debt_consolidation,IN
925,52,44414,10,RENT,7216,36,6.43,0.147,725,3,1,0,small_business,VA
926,40,34537,16,RENT,14624,36,14.07,0.355,647,15,1,0,debt_consolidation,NJ
927,55,121066,16,MORTGAGE,53839,36,12.36,0.359,743,10,0,1,small_business,NJ
928,48,54432,21,OWN,17069,60,11.06,0.318,761,4,0,2,home_improvement,FL
929,26,48227,3,MORTGAGE,15706,36,10.02,0.304,700,7,0,2,other,VA
930,42,115518,19,OWN,30904,36,11.54,0.216,740,3,2,0,debt_consolidation,TX
931,67,33246,35,MORTGAGE,2255,60,3.89,0.052,734,5,0,1,home_improvement,PA
932,71,58378,22,OTHER,12716,36,9.44,0.252,710,12,0,2,debt_consolidation,WA
933,61,52787,12,OWN,11613,60,6.24,0.252,739,17,0,0,debt_consolidation,WA
934,28,41196,5,MORTGAGE,6816,36,7.64,0.204,642,9,0,0,debt_consolidation,IN
935,29,52989,3,OWN,22481,36,12.54,0.284,719,10,0,0,home_improvement,VA
936,69,73790,40,RENT,21068,60,8.7,0.283,758,3,0,0,debt_consolidation,MI
937,75,31901,18,OWN,2912,36,7.5,0.145,604,10,0,0,home_improvement,OH
938,56,56131,28,MORTGAGE,24652,60,13.76,0.322,735,8,0,0,home_improvement,WA
939,60,55599,15,RENT,19151,36,11.52,0.219,706,5,1,0,credit_card,TX
940,57,53402,14,MORTGAGE,23017,36,9.13,0.426,652,2,2,2,home_improvement,NY
941,68,48622,29,OWN,14413,36,9.03,0.361,711,9,1,2,home_improvement,NJ
942,41,52581,8,RENT,20110,36,9.36,0.458,725,10,1,1,credit_card,NJ
943,65,47002,15,RENT,10040,36,6.89,0.19,681,4,0,2,debt_consolidation,MO
944,30,33060,6,MORTGAGE,8286,60,7.27,0.287,670,14,0,1,car,CA
945,43,54292,17,OWN,12949,60,6,0.223,764,6,0,0,car,MA
946,30,106589,10,RENT,27805,36,10.49,0.237,666,8,0,1,small_business,IL
947,38,30780,10,RENT,6436,36,9.07,0.221,688,5,0,3,home_improvement,NC
948,39,103567,8,MORTGAGE,35140,36,12.21,0.463,710,7,1,1,debt_consolidation,TX
949,27,79146,7,MORTGAGE,5229,36,4.19,0.128,758,9,1,3,home_improvement,NJ
950,54,64536,28,MORTGAGE,21307,60,9.7,0.275,756,6,0,2,small_business,GA
951,49,16989,12,RENT,6098,60,11.98,0.374,676,9,0,2,credit_card,MI
952,19,56865,0,OTHER,20615,60,13.07,0.371,726,11,4,1,debt_consolidation,WI
953,50,90848,8,RENT,33245,36,10.34,0.377,658,5,3,1,credit_card,AZ
954,26,38736,5,MORTGAGE,6219,36,8.82,0.195,610,9,0,1,credit_card,IN
955,75,69826,27,OWN,24574,60,9.34,0.27,773,15,0,1,debt_consolidation,GA
956,48,53343,24,MORTGAGE,21041,60,12.93,0.381,682,16,1,2,credit_card,NJ
957,70,55318,20,MORTGAGE,18281,60,8.88,0.432,648,7,1,0,home_improvement,MI
958,72,111765,37,RENT,17477,60,10.78,0.104,715,11,0,1,debt_consolidation,MO
959,43,46507,10,MORTGAGE,5936,60,8.82,0.136,700,6,0,0,debt_consolidation,MA
960,71,79259,40,RENT,27699,36,9.79,0.274,702,9,1,0,debt_consolidation,OH
961,53,67658,28,RENT,21998,60,10.31,0.327,657,7,2,0,credit_card,CA
962,40,40729,16,RENT,8585,60,10.76,0.173,680,10,1,1,credit_card,GA
963,68,68676,21,MORTGAGE,5511,60,6.86,0.126,687,1,1,2,car,MI
964,34,93181,8,MORTGAGE,35599,60,11.6,0.314,670,3,0,0,debt_consolidation,NJ
965,26,51770,5,MORTGAGE,10426,60,10.29,0.2,720,2,0,2,credit_card,NY
966,61,34390,22,RENT,2667,60,3.93,0.085,728,13,0,0,small_business,IL
967,44,102543,8,MORTGAGE,20801,60,8.1,0.243,757,12,0,1,debt_consolidation,GA
968,75,52851,40,RENT,9117,60,8.94,0.252,713,6,0,0,credit_card,WI
969,35,37959,5,OWN,4472,60,8.51,0.108,686,7,0,1,debt_consolidation,WA
970,57,86752,25,RENT,36369,60,16.2,0.317,662,0,1,1,car,MA
971,43,21491,19,OWN,6366,60,7.58,0.349,641,7,0,0,debt_consolidation,AZ
972,20,43309,1,MORTGAGE,4893,36,9.15,0.066,697,6,0,0,car,NJ
973,31,18170,8,OWN,6344,60,12.63,0.191,692,10,0,1,small_business,VA
974,57,74906,25,MORTGAGE,12179,36,11.01,0.19,711,19,0,2,home_improvement,OH
975,70,57620,40,MORTGAGE,21521,36,11.8,0.306,696,12,0,0,car,WA
976,57,36922,26,RENT,2292,60,4.96,0.121,658,5,0,0,home_improvement,FL
977,23,46791,3,MORTGAGE,7328,36,5.89,0.15,720,4,0,1,other,OH
978,45,34278,8,MORTGAGE,9497,36,10.91,0.188,723,11,0,0,debt_consolidation,PA
979,59,79845,28,RENT,16258,60,7.62,0.254,717,5,0,1,small_business,VA
980,61,70030,18,OWN,16806,36,7.49,0.253,707,9,0,0,home_improvement,PA
981,70,48583,21,OWN,9261,36,4.57,0.091,689,11,0,1,debt_consolidation,VA
982,37,67358,13,OTHER,14861,36,9.98,0.178,766,19,1,2,credit_card,MA
983,72,126085,15,RENT,13114,60,7.66,0.136,746,14,0,2,credit_card,MD
984,46,39501,14,RENT,13627,36,10.39,0.249,707,9,0,1,credit_card,MD
985,64,58584,38,RENT,10391,36,8.31,0.132,650,4,0,5,car,NJ
986,66,93773,27,OWN,16034,36,8.1,0.107,751,7,0,2,other,PA
987,66,45702,40,MORTGAGE,14737,60,9.68,0.244,737,1,0,2,debt_consolidation,PA
988,54,39538,26,RENT,17115,36,11.65,0.469,681,16,2,0,debt_consolidation,WA
989,64,28459,32,OWN,4429,36,9.15,0.203,692,10,1,0,credit_card,IN
990,54,56649,20,MORTGAGE,5633,36,3.38,0.134,763,9,1,0,debt_consolidation,NY
991,24,56995,3,MORTGAGE,21116,36,11.87,0.39,680,13,1,1,home_improvement,NY
992,20,47121,0,RENT,5894,36,6.6,0.111,733,19,1,1,small_business,VA
993,65,94210,20,RENT,10703,36,4.54,0.084,687,14,2,0,home_improvement,WI
994,70,57943,24,OWN,1013,36,4.01,0.01,696,8,0,0,home_improvement,IL
995,40,55435,15,OWN,6344,36,5.44,0.154,774,6,0,2,debt_consolidation,TX
996,73,50495,17,OWN,7068,60,6.77,0.053,703,6,2,1,credit_card,OH
997,58,45532,22,OWN,17450,60,10.27,0.27,739,4,0,1,credit_card,CA
998,65,62334,31,MORTGAGE,22287,60,10.14,0.46,696,4,1,1,small_business,IL
999,66,32844,39,RENT,5268,36,5.46,0.172,683,5,0,0,small_business,PA
1000,38,45291,5,RENT,4065,60,12,0.137,714,13,1,1,home_improvement,CA